# Parts of speech from JMdict (EDRDG, CC BY-SA 4.0), reduced to the app's eight.
# Generated by Scripts/extract-jmdict.py. Columns: headword, reading, part of speech.
ああ	ああ	부사
あきれ果てる	あきれはてる	동사
あざ笑う	あざわらう	동사
あっさり	あっさり	부사
あっという間	あっというま	표현
あっという間に	あっというまに	표현
あべこべ	あべこべ	な형용사
あやふや	あやふや	な형용사
あら	あら	표현
あり方	ありかた	명사
ある程度	あるていど	표현
いい加減	いいかげん	な형용사
いざ	いざ	부사
いっそ	いっそ	부사
いま一つ	いまひとつ	부사
いらっしゃいませ	いらっしゃいませ	표현
うっせぇ	うっせぇ	표현
うっとり	うっとり	부사
うんざり	うんざり	부사
うんと	うんと	부사
おい	おい	표현
おっかない	おっかない	い형용사
おっしゃる通り	おっしゃるとおり	표현
おどおど	おどおど	부사
お世話	おせわ	명사
お世話になっております	おせわになっております	표현
お世辞	おせじ	명사
お作り	おつくり	명사
お使い	おつかい	명사
お供	おとも	명사
お出でになる	おいでになる	표현
お召	おめし	명사
お呼び	および	명사
お好み焼き	おこのみやき	명사
お子さん	おこさん	명사
お孫さん	おまごさん	명사
お客様	おきゃくさま	명사
お宮	おみや	명사
お寺	おてら	명사
お巡りさん	おまわりさん	명사
お手上げ	おてあげ	명사
お手伝い	おてつだい	명사
お手数	おてすう	명사
お手数ですが	おてすうですが	표현
お手洗い	おてあらい	명사
お断り	おことわり	명사
お正月	おしょうがつ	명사
お母さん	おかあさん	명사
お気に入り	おきにいり	명사
お湯	おゆ	명사
お父さん	おとうさん	명사
お産	おさん	명사
お知らせ	おしらせ	명사
お祖母さん	おばあさん	명사
お祖父さん	おじいさん	명사
お祝い	おいわい	명사
お菓子	おかし	명사
お襁褓	おむつ	명사
お見えになる	おみえになる	표현
お見せする	おみせする	표현
お話	おはなし	명사
お話し	おはなし	명사
お負け	おまけ	명사
お越し	おこし	명사
お越しになる	おこしになる	표현
お迎え	おむかえ	명사
お返し	おかえし	명사
お金	おかね	명사
お陰	おかげ	명사
お願い	おねがい	명사
お願いいたします	おねがいいたします	표현
お願いできますか	おねがいできますか	표현
かき回す	かきまわす	동사
かき集める	かきあつめる	동사
かけ声	かけごえ	명사
かみ合う	かみあう	동사
がっくり	がっくり	부사
がっしり	がっしり	부사
がっちり	がっちり	부사
がる	がる	기타
きちっと	きちっと	부사
きっかり	きっかり	부사
きっちり	きっちり	부사
きっぱり	きっぱり	부사
きまり悪い	きまりわるい	い형용사
くじ引き	くじびき	명사
くっきり	くっきり	부사
ぐっすり	ぐっすり	부사
ぐったり	ぐったり	부사
ぐっと	ぐっと	부사
ぐんと	ぐんと	부사
げっそり	げっそり	부사
こげ茶	こげちゃ	명사
こそこそ	こそこそ	부사
この上ない	このうえない	표현
この世	このよ	명사
この間	このあいだ	명사
この頃	このごろ	부사
ご了承ください	ごりょうしょうください	표현
ご存じ	ごぞんじ	명사
ご存知	ごぞんじ	명사
ご時世	ごじせい	명사
ご注意ください	ごちゅういください	표현
ご苦労	ごくろう	명사
ご覧ください	ごらんください	표현
ご覧なさい	ごらんなさい	표현
ご覧になる	ごらんになる	표현
ご遠慮ください	ごえんりょください	표현
ご飯	ごはん	명사
さよなら	さよなら	표현
さん	さん	기타
ざるを得ない	ざるをえない	표현
しくじる	しくじる	동사
しなやか	しなやか	な형용사
しぶとい	しぶとい	い형용사
しょっちゅう	しょっちゅう	부사
し尿	しにょう	명사
じっくり	じっくり	부사
すばしっこい	すばしっこい	い형용사
すり抜ける	すりぬける	동사
すり減る	すりへる	동사
すれ違い	すれちがい	명사
すんなり	すんなり	부사
ずっと	ずっと	부사
ずぶ濡れ	ずぶぬれ	명사
ずらっと	ずらっと	부사
ずるずる	ずるずる	부사
ずれ	ずれ	명사
ずれ込む	ずれこむ	동사
そぐわない	そぐわない	い형용사
そっと	そっと	부사
その後	そのご	표현
その間	そのあいだ	명사
それ故	それゆえ	기타
それ程	それほど	부사
そろそろ	そろそろ	부사
ぞんざい	ぞんざい	な형용사
たじろぐ	たじろぐ	동사
ただ今	ただいま	표현
たどり着く	たどりつく	동사
だけでなく	だけでなく	표현
だぶだぶ	だぶだぶ	な형용사
だらけ	だらけ	명사
だらだら	だらだら	부사
ちやほや	ちやほや	부사
ちょくちょく	ちょくちょく	부사
ちらっと	ちらっと	부사
ちり取り	ちりとり	명사
つかの間	つかのま	표현
つき合い	つきあい	명사
つり革	つりかわ	명사
てきぱき	てきぱき	부사
てっきり	てっきり	부사
てんで	てんで	부사
でかい	でかい	い형용사
として	として	표현
としては	としては	표현
どうにか	どうにか	부사
どうやら	どうやら	부사
ど忘れ	どわすれ	명사
なければならない	なければならない	표현
なければなりません	なければなりません	표현
なさいます	なさいます	표현
なんか	なんか	조사
にも関わらず	にもかかわらず	표현
に加えて	にくわえて	표현
に基づいて	にもとづいて	표현
に対して	にたいして	표현
に従って	にしたがって	표현
に応じて	におうじて	표현
に過ぎない	にすぎない	표현
に関して	にかんして	표현
ぬるま湯	ぬるまゆ	명사
ねじ回し	ねじまわし	명사
のろのろ	のろのろ	부사
はきはき	はきはき	부사
はぐらかす	はぐらかす	동사
はみ出す	はみだす	동사
はみ出る	はみでる	동사
は種	はしゅ	명사
ばい菌	ばいきん	명사
ばら撒く	ばらまく	동사
ひと昔	ひとむかし	명사
ひと晩	ひとばん	명사
ひな壇	ひなだん	명사
ひねり出す	ひねりだす	동사
ひょっと	ひょっと	부사
びっしょり	びっしょり	な형용사
ふらふら	ふらふら	부사
ふんだん	ふんだん	な형용사
ぶかぶか	ぶかぶか	な형용사
ぶらぶら	ぶらぶら	부사
ほっと	ほっと	부사
ほど近い	ほどちかい	い형용사
ぼう然	ぼうぜん	부사
ぼつぼつ	ぼつぼつ	부사
ぼやく	ぼやく	동사
ぼやける	ぼやける	동사
まんまと	まんまと	부사
むき出し	むきだし	な형용사
もう	もう	부사
もう一度	もういちど	표현
もう少し	もうすこし	표현
やせ衰える	やせおとろえる	동사
やって来る	やってくる	표현
ややこしい	ややこしい	い형용사
やり方	やりかた	명사
やり直す	やりなおす	동사
やり遂げる	やりとげる	동사
やる気	やるき	명사
ゆっくり	ゆっくり	부사
ゆとり	ゆとり	명사
よそ見	よそみ	명사
よろしくお願いいたします	よろしくおねがいいたします	표현
よろしくお願いします	よろしくおねがいします	표현
よろよろ	よろよろ	부사
わが国	わがくに	표현
わが子	わがこ	표현
わが身	わがみ	명사
を通して	をとおして	표현
アイデンティティ	アイデンティティ	명사
アクセル	アクセル	명사
アップ	アップ	명사
アバンギャルド	アバンギャルド	명사
アプローチ	アプローチ	명사
アラブ	アラブ	명사
アルゴリズム	アルゴリズム	명사
アルミ	アルミ	명사
アワー	アワー	명사
アンケート	アンケート	명사
アンコール	アンコール	명사
アーカイブ	アーカイブ	명사
イエス	イエス	명사
イデオロギー	イデオロギー	명사
イニシアチブ	イニシアチブ	명사
インターチェンジ	インターチェンジ	명사
インターナショナル	インターナショナル	な형용사
インターホン	インターホン	명사
インテリ	インテリ	명사
インフォメーション	インフォメーション	명사
インフラ	インフラ	명사
インフレ	インフレ	명사
ウイルス	ウイルス	명사
エアメール	エアメール	명사
エレガント	エレガント	な형용사
エンジニア	エンジニア	명사
オドオド	オドオド	부사
オマージュ	オマージュ	명사
オリエンテーション	オリエンテーション	명사
オレンジ	オレンジ	명사
オートマチック	オートマチック	な형용사
オープン	オープン	명사
カクテル	カクテル	명사
カット	カット	명사
カテゴリ	カテゴリ	명사
カムバック	カムバック	명사
カメラマン	カメラマン	명사
カルテ	カルテ	명사
カンニング	カンニング	명사
カーペット	カーペット	명사
ガイド	ガイド	명사
ガイドブック	ガイドブック	명사
ガバナンス	ガバナンス	명사
ガラス張り	ガラスばり	명사
ガラス瓶	がらすびん	명사
ガレージ	ガレージ	명사
キャッチ	キャッチ	명사
キャリア	キャリア	명사
クイズ	クイズ	명사
クラブ	クラブ	명사
クレーン	クレーン	명사
グラフ	グラフ	명사
グレー	グレー	명사
グローバル	グローバル	な형용사
ゲスト	ゲスト	명사
コマーシャル	コマーシャル	명사
コミュニケーション	コミュニケーション	명사
コメント	コメント	명사
コンセンサス	コンセンサス	명사
コンタクト	コンタクト	명사
コンテスト	コンテスト	명사
コントラスト	コントラスト	명사
コントロール	コントロール	명사
コンパス	コンパス	명사
コンプライアンス	コンプライアンス	명사
コーナー	コーナー	명사
ゴミ箱	ごみばこ	명사
サイクル	サイクル	명사
サイズ	サイズ	명사
サステナビリティ	サステナビリティ	명사
サボる	サボる	동사
サラダ油	サラダあぶら	명사
サン	サン	명사
サンキュー	サンキュー	표현
サンゴ礁	サンゴしょう	명사
サンタクロース	サンタクロース	명사
システム	システム	명사
シック	シック	な형용사
シナリオ	シナリオ	명사
シミュレーション	シミュレーション	명사
ショック	ショック	명사
ショー	ショー	명사
シート	シート	명사
ジャズ	ジャズ	명사
ジャンパー	ジャンパー	명사
ジャンプ	ジャンプ	명사
ジャンボ	ジャンボ	な형용사
ジャンル	ジャンル	명사
ジャーナリズム	ジャーナリズム	명사
スキーム	スキーム	명사
スタジオ	スタジオ	명사
スチーム	スチーム	명사
ステークホルダー	ステークホルダー	명사
ストライキ	ストライキ	명사
ストレス	ストレス	명사
ストロボ	ストロボ	명사
ストロー	ストロー	명사
スピード	スピード	명사
スプリング	スプリング	명사
スペクトル	スペクトル	명사
スペース	スペース	명사
スポーツカー	スポーツカー	명사
スラックス	スラックス	명사
ズバリ	ズバリ	부사
セクション	セクション	명사
セックス	セックス	명사
セレモニー	セレモニー	명사
センス	センス	명사
セール	セール	명사
ゼリー	ゼリー	명사
ソックス	ソックス	명사
ソロ	ソロ	명사
ソース	ソース	명사
タイトル	タイトル	명사
タイピスト	タイピスト	명사
タイマー	タイマー	명사
タイミング	タイミング	명사
タイム	タイム	명사
タイムリー	タイムリー	な형용사
タイヤ	タイヤ	명사
タイル	タイル	명사
タレント	タレント	명사
タワー	タワー	명사
タンパク質	たんぱくしつ	명사
ダイバーシティ	ダイバーシティ	명사
ダウン	ダウン	명사
ダンプ	ダンプ	명사
チェンジ	チェンジ	명사
チャイム	チャイム	명사
チャネル	チャネル	명사
チームワーク	チームワーク	명사
ティッシュペーパー	ティッシュペーパー	명사
テレックス	テレックス	명사
デコレーション	デコレーション	명사
デザイン	デザイン	명사
デザート	デザート	명사
デッサン	デッサン	명사
デフォルト	デフォルト	명사
デフレ	デフレ	명사
データ	データ	명사
トラブル	トラブル	명사
トランジスタ	トランジスタ	명사
トントン拍子	トントンびょうし	な형용사
トーン	トーン	명사
ドライ	ドライ	な형용사
ドライクリーニング	ドライクリーニング	명사
ドライバー	ドライバー	명사
ドライブイン	ドライブイン	명사
ドリル	ドリル	명사
ナイター	ナイター	명사
ナプキン	ナプキン	명사
ナンセンス	ナンセンス	명사
ニュアンス	ニュアンス	명사
ネガ	ネガ	명사
ノイローゼ	ノイローゼ	명사
ハッピー	はっぴい	な형용사
ハンガー	ハンガー	명사
バッジ	バッジ	명사
バット	バット	명사
バテる	バテる	동사
バブル	バブル	명사
バリアフリー	バリアフリー	명사
バー	バー	명사
パジャマ	パジャマ	명사
パチンコ	パチンコ	명사
パトカー	パトカー	명사
パラダイム	パラダイム	명사
パンク	パンク	명사
ヒント	ヒント	명사
ビジネス	ビジネス	명사
ビリ	ビリ	명사
ファイト	ファイト	명사
ファイル	ファイル	명사
ファン	ファン	명사
フィルター	フィルター	명사
フェリー	フェリー	명사
フェンス	ふぇんす	명사
フォーム	フォーム	명사
フランス語	フランス語	명사
フロント	フロント	명사
ブザー	ブザー	명사
ブルー	ブルー	명사
ブーツ	ブーツ	명사
ブーム	ブーム	명사
プライオリティ	プライオリティ	명사
プロパガンダ	プロパガンダ	명사
ベスト	ベスト	な형용사
ベストセラー	ベストセラー	명사
ベース	ベース	명사
ペア	ペア	명사
ペコペコ	ペコペコ	な형용사
ホット	ホット	な형용사
ホース	ホース	명사
ホール	ホール	명사
ボイコット	ボイコット	명사
ボルト	ボルト	명사
ポイント	ポイント	명사
ポイ捨て	ぽいすて	명사
ポジション	ポジション	명사
ポット	ポット	명사
ポンプ	ポンプ	명사
ポーズ	ポーズ	명사
マイノリティ	マイノリティ	명사
マスコミ	マスコミ	명사
マッサージ	マッサージ	명사
マニフェスト	マニフェスト	명사
マンネリ化	まんねりか	명사
マーク	マーク	명사
ミスプリント	ミスプリント	명사
ミセス	ミセス	명사
ミュージック	ミュージック	명사
ムード	ムード	명사
メカニズム	メカニズム	명사
メタファー	メタファー	명사
メッセージ	メッセージ	명사
メディア	メディア	명사
メロディー	メロディー	명사
メーカー	メーカー	명사
モニター	モニター	명사
モーテル	モーテル	명사
ユニフォーム	ユニフォーム	명사
ユニーク	ユニーク	な형용사
ライス	ライス	명사
ラッキー	らっきい	な형용사
ラブ	らぶ	명사
ラベル	ラベル	명사
ランプ	ランプ	명사
ルーズ	ルーズ	な형용사
ルール	ルール	명사
レギュレーション	レギュレーション	명사
レッスン	レッスン	명사
レディー	レディー	명사
レトリック	レトリック	명사
レバー	レバー	명사
レンジ	レンジ	명사
レンタカー	レンタカー	명사
レントゲン	レントゲン	명사
レース	レース	명사
ロビー	ロビー	명사
ロマンチック	ロマンチック	な형용사
ロープ	ロープ	명사
ワット	ワット	명사
ヶ月	かげつ	기타
一	いち	명사
一つ	ひとつ	명사
一人ひとり	ひとりひとり	부사
一人暮らし	ひとりぐらし	명사
一人称	いちにんしょう	명사
一体全体	いったいぜんたい	부사
一体化	いったいか	명사
一元化	いちげんか	명사
一刀両断	いっとうりょうだん	명사
一切	いっさい	명사
一別	いちべつ	명사
一口	ひとくち	명사
一向に	いっこうに	부사
一喜一憂	いっきいちゆう	명사
一変	いっぺん	명사
一存	いちぞん	명사
一寸	ちょっと	부사
一層	いっそう	부사
一帯	いったい	명사
一度	いちど	명사
一役	ひとやく	명사
一律	いちりつ	な형용사
一心	いっしん	부사
一息	ひといき	명사
一所懸命	いっしょけんめい	부사
一挙に	いっきょに	부사
一挙両得	いっきょりょうとく	명사
一掃	いっそう	명사
一敗	いっぱい	명사
一日	いちにち	명사
一日千秋	いちじつせんしゅう	명사
一時	いちじ	명사
一朝一夕	いっちょういっせき	명사
一案	いちあん	명사
一概に	いちがいに	부사
一様	いちよう	な형용사
一気	いっき	명사
一気に	いっきに	부사
一環	いっかん	명사
一生懸命	いっしょうけんめい	부사
一目	ひとめ	명사
一直線	いっちょくせん	명사
一石を投じる	いっせきをとうじる	표현
一石二鳥	いっせきにちょう	표현
一端	いったん	명사
一筋	ひとすじ	명사
一網打尽	いちもうだじん	명사
一緒	いっしょ	명사
一般化	いっぱんか	명사
一見	いちげん	명사
一覧	いちらん	명사
一角	いっかく	명사
一言	ひとこと	명사
一読	いちどく	명사
一貫	いっかん	명사
一貫性	いっかんせい	명사
一転	いってん	명사
一連	いちれん	명사
一進一退	いっしんいったい	명사
一部	いちぶ	명사
一部始終	いちぶしじゅう	명사
一重	ひとえ	명사
一面	いちめん	명사
一頃	ひところ	명사
丁々	ちょうちょう	부사
丁寧	ていねい	な형용사
丁度	ちょうど	부사
丁目	ちょうめ	기타
七夕	たなばた	명사
万	ばん	부사
万が一	まんがいち	부사
万人	ばんにん	명사
万全	ばんぜん	명사
万能	ばんのう	명사
丈	たけ	명사
丈	だけ	조사
丈夫	じょうふ	명사
三	さん	명사
三つ	みっつ	명사
三人称	さんにんしょう	명사
三味線	しゃみせん	명사
三脚	さんきゃく	명사
上	うえ	명사
上がり	あがり	명사
上がる	あがる	동사
上げ	あげ	명사
上下	うえした	명사
上下関係	じょうげかんけい	명사
上位	じょうい	명사
上出来	じょうでき	명사
上半身	じょうはんしん	명사
上司	じょうし	명사
上向き	うわむき	명사
上告	じょうこく	명사
上回る	うわまわる	동사
上手	うわて	な형용사
上昇	じょうしょう	명사
上映	じょうえい	명사
上演	じょうえん	명사
上田	うえだ	명사
上空	じょうくう	명사
上記	じょうき	명사
上野	うえの	명사
上限	じょうげん	명사
上陸	じょうりく	명사
下がる	さがる	동사
下げる	さげる	동사
下りる	おりる	동사
下位	かい	명사
下取り	したどり	명사
下吏	かり	명사
下地	したじ	명사
下心	したごころ	명사
下火	したび	명사
下番	かばん	명사
下痢	げり	명사
下記	かき	명사
下調べ	したしらべ	명사
不人気	ふにんき	な형용사
不便	ふべん	명사
不信	ふしん	명사
不倫	ふりん	명사
不備	ふび	명사
不動産	ふどうさん	명사
不可欠	ふかけつ	な형용사
不可能	ふかのう	な형용사
不吉	ふきつ	な형용사
不向き	ふむき	な형용사
不味い	まずい	い형용사
不在	ふざい	명사
不安定	ふあんてい	な형용사
不審	ふしん	명사
不平等	ふびょうどう	명사
不当	ふとう	な형용사
不快	ふかい	명사
不意	ふい	な형용사
不意に	ふいに	부사
不慮	ふりょ	명사
不憫	ふびん	な형용사
不振	ふしん	명사
不揃い	ふぞろい	な형용사
不明	ふめい	な형용사
不機嫌	ふきげん	な형용사
不況	ふきょう	명사
不注意	ふちゅうい	명사
不確実	ふかくじつ	な형용사
不祥事	ふしょうじ	명사
不能	ふのう	な형용사
不自然	ふしぜん	な형용사
不良	ふりょう	な형용사
不評	ふひょう	명사
不躾	ぶしつけ	な형용사
不透明	ふとうめい	な형용사
不適	ふてき	な형용사
不適切	ふてきせつ	な형용사
不順	ふじゅん	な형용사
与党	よとう	명사
且つ	かつ	기타
世	よ	명사
世代	せだい	명사
世俗	せぞく	명사
世帯	せたい	명사
世界	せかい	명사
世論	よろん	명사
世論調査	よろんちょうさ	명사
世辞	せじ	명사
両国	りょうこく	명사
両手	りょうて	명사
両方	りょうほう	명사
両極	りょうきょく	명사
両立	りょうりつ	명사
両義	りょうぎ	명사
両者	りょうしゃ	명사
両面	りょうめん	명사
並	なみ	명사
並び	ならび	명사
並びに	ならびに	기타
並ぶ	ならぶ	동사
並べて	なべて	부사
並べる	ならべる	동사
並列	へいれつ	명사
中	なか	명사
中でも	なかでも	표현
中ほど	なかほど	명사
中傷	ちゅうしょう	명사
中和	ちゅうわ	명사
中断	ちゅうだん	명사
中枢	ちゅうすう	명사
中核	ちゅうかく	명사
中毒	ちゅうどく	명사
中略	ちゅうりゃく	명사
中立	ちゅうりつ	명사
中立性	ちゅうりつせい	명사
中等	ちゅうとう	명사
中継	ちゅうけい	명사
中継放送	ちゅうけいほうそう	명사
丸ごと	まるごと	부사
丸っきり	まるっきり	부사
丸で	まるで	부사
丸まる	まるまる	동사
丸める	まるめる	동사
丹念	たんねん	な형용사
丹精	たんせい	명사
主なる	おもなる	표현
主人公	しゅじんこう	명사
主任	しゅにん	명사
主体	しゅたい	명사
主催	しゅさい	명사
主力	しゅりょく	명사
主導	しゅどう	명사
主導権	しゅどうけん	명사
主従	しゅじゅう	명사
主成分	しゅせいぶん	명사
主権	しゅけん	명사
主観	しゅかん	명사
主観的	しゅかんてき	な형용사
主軸	しゅじく	명사
主題	しゅだい	명사
乃至	ないし	기타
久しい	ひさしい	い형용사
久しぶり	ひさしぶり	な형용사
乏しい	とぼしい	い형용사
乗っ取る	のっとる	동사
乗り上げる	のりあげる	동사
乗り出す	のりだす	동사
乗り切る	のりきる	동사
乗り物	のりもの	명사
乗り継ぐ	のりつぐ	동사
乗り越える	のりこえる	동사
乗り込む	のりこむ	동사
乗り遅れる	のりおくれる	동사
乗る	のる	동사
乙	おつ	명사
乱す	みだす	동사
乱れる	みだれる	동사
乱用	らんよう	명사
乳	ちち	명사
亀	かめ	명사
了承	りょうしょう	명사
予て	かねて	부사
予め	あらかじめ	부사
予備	よび	명사
予報	よほう	명사
予定	よてい	명사
予想	よそう	명사
予感	よかん	명사
予言	よげん	명사
予選	よせん	명사
争い	あらそい	명사
事	こと	명사
事によると	ことによると	표현
事例	じれい	명사
事務所	じむしょ	명사
事実上	じじつじょう	부사
事柄	ことがら	명사
事業	じぎょう	명사
事物	じぶつ	명사
事象	じしょう	명사
事足りる	ことたりる	동사
事項	じこう	명사
二つ	ふたつ	명사
二人	ふたり	명사
二度と	にどと	부사
二束三文	にそくさんもん	명사
二郎	じろう	명사
二酸化炭素	にさんかたんそ	명사
云々	うんぬん	표현
云う	いう	동사
些か	いささか	부사
些とも	ちっとも	부사
些事	さじ	명사
些細	ささい	な형용사
亜爾加里	アルカリ	명사
亜科	あか	명사
亡くなる	なくなる	동사
交う	かう	기타
交わす	かわす	동사
交わる	まじわる	동사
交互	こうご	명사
交付	こうふ	명사
交易	こうえき	명사
交渉	こうしょう	명사
交番	こうばん	명사
交通	こうつう	명사
交錯	こうさく	명사
享受	きょうじゅ	명사
京都	きょうと	명사
人	じん	기타
人々	ひとびと	명사
人びと	ひとびと	명사
人一倍	ひといちばい	부사
人並み	ひとなみ	な형용사
人事	じんじ	명사
人体	じんたい	명사
人受け	ひとうけ	명사
人員	じんいん	명사
人家	じんか	명사
人情	にんじょう	명사
人手	ひとで	명사
人数	にんずう	명사
人材	じんざい	명사
人柄	ひとがら	な형용사
人格	じんかく	명사
人民	じんみん	명사
人生	じんせい	명사
人目	ひとめ	명사
人知	じんち	명사
人脈	じんみゃく	명사
人質	ひとじち	명사
人達	ひとたち	명사
今	いま	명사
今ごろ	いまごろ	명사
今や	いまや	부사
今一つ	いまひとつ	부사
今世紀	こんせいき	명사
今年	ことし	명사
今年度	こんねんど	명사
今度	こんど	명사
今日	きょう	명사
今更	いまさら	부사
今月	こんげつ	명사
今週	こんしゅう	명사
介入	かいにゅう	명사
介在	かいざい	명사
介抱	かいほう	명사
介護	かいご	명사
仏	ふつ	명사
仏像	ぶつぞう	명사
仔細	しさい	명사
仕える	つかえる	동사
仕上がり	しあがり	명사
仕上げる	しあげる	동사
仕事	しごと	명사
仕付ける	しつける	동사
仕入れ	しいれ	명사
仕入れる	しいれる	동사
仕分け	しわけ	명사
仕切り	しきり	명사
仕切る	しきる	동사
仕掛け	しかけ	명사
仕掛ける	しかける	동사
仕方	しかた	명사
仕来り	しきたり	명사
仕様	しよう	명사
仕立てる	したてる	동사
仕立て上げる	したてあげる	동사
仕組み	しくみ	명사
仕舞い	しまい	명사
仕込み	しこみ	명사
仕返し	しかえし	명사
他動詞	たどうし	명사
他律	たりつ	명사
他意	たい	명사
他方	たほう	명사
他社	たしゃ	명사
他者	たしゃ	명사
付き	つき	명사
付け加える	つけくわえる	동사
付加	ふか	명사
付近	ふきん	명사
付録	ふろく	명사
付随	ふずい	명사
仙	せん	명사
代	しろ	명사
代々	だいだい	부사
代わり	かわり	명사
代わる	かわる	동사
代わる代わる	かわるがわる	부사
代償	だいしょう	명사
代弁	だいべん	명사
代用	だいよう	명사
代行	だいこう	명사
代表	だいひょう	명사
代謝	たいしゃ	명사
以て	もって	표현
以後	いご	명사
以心伝心	いしんでんしん	명사
仮	かり	기타
仮に	かりに	부사
仮令	たとえ	부사
仮説	かせつ	명사
仰々しい	ぎょうぎょうしい	い형용사
仰ぐ	あおぐ	동사
仰る	おっしゃる	동사
仲人	なこうど	명사
仲裁	ちゅうさい	명사
仲間はずれ	なかまはずれ	명사
件名	けんめい	명사
任す	まかす	동사
任命	にんめい	명사
任意	にんい	な형용사
企て	くわだて	명사
企む	たくらむ	동사
企画	きかく	명사
伊	い	명사
休み	やすみ	명사
休む	やすむ	동사
休める	やすめる	동사
休学	きゅうがく	명사
休戦	きゅうせん	명사
休日	きゅうじつ	명사
休止	きゅうし	명사
休養	きゅうよう	명사
休館	きゅうかん	명사
会	え	명사
会う	あう	동사
会見	かいけん	명사
会話	かいわ	명사
会談	かいだん	명사
会食	かいしょく	명사
伝う	つたう	동사
伝える	つたえる	동사
伝導	でんどう	명사
伝承	でんしょう	명사
伝来	でんらい	명사
伝言	つてこと	명사
伝説	でんせつ	명사
伝達	でんたつ	명사
伴う	ともなう	동사
伸ばす	のばす	동사
伸びやか	のびやか	な형용사
伸び悩む	のびなやむ	동사
伸縮	しんしゅく	명사
伺う	うかがう	동사
似る	にる	동사
位相	いそう	명사
位置づける	いちづける	동사
低い	ひくい	い형용사
低温	ていおん	명사
低迷	ていめい	명사
住	じゅう	명사
住む	すむ	동사
住所	じゅうしょ	명사
体	からだ	명사
体	てい	명사
体つき	からだつき	명사
体内	たいない	명사
体力	たいりょく	명사
体型	たいけい	명사
体感	たいかん	명사
体格	たいかく	명사
体系	たいけい	명사
体育館	たいいくかん	명사
体裁	ていさい	명사
体調	たいちょう	명사
体質	たいしつ	명사
体面	たいめん	명사
体験	たいけん	명사
何	なに	명사
何しろ	なにしろ	부사
何だか	なんだか	부사
何だかんだ	なんだかんだ	부사
何て	なんて	부사
何と	なんと	부사
何なり	なんなり	부사
何より	なにより	표현
何ら	なんら	부사
何れ何れ	どれどれ	명사
何事	なにごと	명사
何処	どこ	명사
何卒	なにとぞ	부사
何故	なぜ	부사
何方	どちら	명사
何方	どなた	명사
何時	いつ	명사
何気ない	なにげない	い형용사
何気無く	なにげなく	표현
余儀ない	よぎない	い형용사
余力	よりょく	명사
余地	よち	명사
余暇	よか	명사
余波	よは	명사
余程	よほど	부사
余興	よきょう	명사
作り	つくり	명사
作りかえる	つくりかえる	동사
作りだす	つくりだす	동사
作り上げる	つくりあげる	동사
作り出す	つくりだす	동사
作り方	つくりかた	명사
作り直す	つくりなおす	동사
作動	さどう	명사
作戦	さくせん	명사
作為	さくい	명사
作物	さくぶつ	명사
作用	さよう	명사
作詞	さくし	명사
佳句	かく	명사
併せて	あわせて	표현
併せる	あわせる	동사
併用	へいよう	명사
使い	つかい	명사
使いこなす	つかいこなす	동사
使い分ける	つかいわける	동사
使い勝手	つかいがって	명사
使い手	つかいて	명사
使い方	つかいかた	명사
使い道	つかいみち	명사
使う	つかう	동사
使える	つかえる	동사
使命	しめい	명사
使用人	しようにん	명사
使者	ししゃ	명사
例	ためし	명사
例年	れいねん	명사
例文	れいぶん	명사
侍	さむらい	명사
供する	きょうする	동사
供給	きょうきゅう	명사
依存	いぞん	명사
依然	いぜん	부사
価値	かち	명사
価値観	かちかん	명사
侮る	あなどる	동사
侮辱	ぶじょく	명사
侵す	おかす	동사
侵略	しんりゃく	명사
便利	べんり	な형용사
便宜	べんぎ	명사
係り	かかり	명사
係争	けいそう	명사
促す	うながす	동사
促進	そくしん	명사
俄	にわか	な형용사
俄かに	にわかに	부사
保つ	たもつ	동사
保冷	ほれい	명사
保守	ほしゅ	명사
保持	ほじ	명사
保温	ほおん	명사
保留	ほりゅう	명사
保管	ほかん	명사
保育	ほいく	명사
保育園	ほいくえん	명사
保護	ほご	명사
保険	ほけん	명사
保障	ほしょう	명사
保養	ほよう	명사
信じる	しんじる	동사
信任	しんにん	명사
信念	しんねん	명사
信憑性	しんぴょうせい	명사
修了	しゅうりょう	명사
修士	しゅうし	명사
修学	しゅうがく	명사
修業	しゅぎょう	명사
修行	しゅぎょう	명사
修飾	しゅうしょく	명사
修養	しゅうよう	명사
俺	おれ	명사
倅	せがれ	명사
個々	ここ	명사
個体	こたい	명사
個性	こせい	명사
個所	かしょ	명사
倍率	ばいりつ	명사
倒れる	たおれる	동사
倒産	とうさん	명사
借り	かり	명사
借用	しゃくよう	명사
値する	あたいする	동사
値引き	ねびき	명사
値打ち	ねうち	명사
倦む	うむ	동사
倫理	りんり	명사
倶楽部	クラブ	명사
倹約	けんやく	명사
偏	へん	명사
偏に	ひとえに	부사
偏り	かたより	명사
偏向	へんこう	명사
偏狭	へんきょう	な형용사
偏見	へんけん	명사
停滞	ていたい	명사
健やか	すこやか	な형용사
健全	けんぜん	な형용사
健在	けんざい	な형용사
健気	けなげ	な형용사
側	がわ	명사
側面	そくめん	명사
偶に	たまに	부사
偶然	ぐうぜん	명사
偽る	いつわる	동사
偽物	にせもの	명사
偽造	ぎぞう	명사
傍ら	かたわら	명사
傑作	けっさく	명사
傘	かさ	명사
備え付け	そなえつけ	명사
備え付ける	そなえつける	동사
備わる	そなわる	동사
備品	びひん	명사
催す	もよおす	동사
傲慢	ごうまん	な형용사
債券	さいけん	명사
債務	さいむ	명사
債権	さいけん	명사
傷つく	きずつく	동사
傷つける	きずつける	동사
傷む	いたむ	동사
傾ける	かたむける	동사
傾向	けいこう	명사
傾斜	けいしゃ	명사
僅か	わずか	な형용사
働かす	はたらかす	동사
働かせる	はたらかせる	동사
働きかけ	はたらきかけ	명사
働きかける	はたらきかける	동사
働き者	はたらきもの	명사
働く	はたらく	동사
像	ぞう	명사
僕	しもべ	명사
僕	ぼく	명사
僧	そう	명사
億	おく	명사
儚い	はかない	い형용사
償う	つぐなう	동사
優	やさ	기타
優しい	やさしい	い형용사
優位	ゆうい	명사
優位性	ゆういせい	명사
優先	ゆうせん	명사
優劣	ゆうれつ	명사
優勢	ゆうせい	명사
優柔不断	ゆうじゅうふだん	な형용사
優美	ゆうび	な형용사
優越	ゆうえつ	명사
優雅	ゆうが	な형용사
元年	がんねん	명사
元来	がんらい	부사
元気	げんき	な형용사
元気づける	げんきづける	동사
元祖	がんそ	명사
元素	げんそ	명사
元首	げんしゅ	명사
兄ちゃん	にいちゃん	명사
充分	じゅうぶん	な형용사
充実	じゅうじつ	명사
充足	じゅうそく	명사
兆し	きざし	명사
先だって	せんだって	명사
先に	さきに	부사
先んじる	さきんじる	동사
先代	せんだい	명사
先入観	せんにゅうかん	명사
先制	せんせい	명사
先取り	さきどり	명사
先天的	せんてんてき	な형용사
先手を打つ	せんてをうつ	표현
先方	せんぽう	명사
先月	せんげつ	명사
先生	せんせい	명사
先着	せんちゃく	명사
先立つ	さきだつ	동사
先行	せんこう	명사
先見の明	せんけんのめい	표현
先週	せんしゅう	명사
光	ひかり	명사
光沢	こうたく	명사
光熱費	こうねつひ	명사
克明	こくめい	な형용사
免れる	まぬがれる	동사
免疫	めんえき	명사
免除	めんじょ	명사
兎も角	ともかく	부사
兎角	とかく	부사
入り口	いりぐち	명사
入る	いる	동사
入れる	いれる	동사
入れ替える	いれかえる	동사
入れ替わり	いれかわり	명사
入場	にゅうじょう	명사
入居	にゅうきょ	명사
入手	にゅうしゅ	명사
入浴	にゅうよく	명사
入賞	にゅうしょう	명사
入部	にゅうぶ	명사
入院	にゅういん	명사
入館	にゅうかん	명사
全て	すべて	명사
全体像	ぜんたいぞう	명사
全力	ぜんりょく	명사
全快	ぜんかい	명사
全日	ぜんじつ	명사
全滅	ぜんめつ	명사
全盛	ぜんせい	명사
全部	ぜんぶ	명사
八百屋	やおや	명사
公	おおやけ	명사
公共事業	こうきょうじぎょう	명사
公募	こうぼ	명사
公団	こうだん	명사
公園	こうえん	명사
公平	こうへい	な형용사
公正	こうせい	명사
公演	こうえん	명사
公然	こうぜん	부사
公用	こうよう	명사
公的	こうてき	な형용사
公約	こうやく	명사
公認	こうにん	명사
公開	こうかい	명사
六	ろく	명사
共	とも	명사
共働き	ともばたらき	명사
共和	きょうわ	명사
共存	きょうぞん	명사
共感	きょうかん	명사
共有	きょうゆう	명사
共生	きょうせい	명사
共産	きょうさん	명사
共稼ぎ	ともかせぎ	명사
共鳴	きょうめい	명사
兵器	へいき	명사
兵士	へいし	명사
其れで	それで	기타
其れに	それに	기타
其処	そこ	명사
其処ら	そこら	명사
其方	そちら	명사
具わる	そなわる	동사
具体	ぐたい	명사
具体化	ぐたいか	명사
具合	ぐあい	명사
典型	てんけい	명사
兼用	けんよう	명사
内乱	ないらん	명사
内側	うちがわ	명사
内在	ないざい	명사
内心	ないしん	명사
内気	うちき	な형용사
内省	ないせい	명사
内臓	ないぞう	명사
内装	ないそう	명사
内訳	うちわけ	명사
内部	ないぶ	명사
内閣	ないかく	명사
内陸	ないりく	명사
内需	ないじゅ	명사
円安	えんやす	명사
円満	えんまん	な형용사
円滑	えんかつ	な형용사
円熟	えんじゅく	명사
円高	えんだか	명사
冊	さつ	기타
冊子	さっし	명사
冊数	さっすう	명사
再	さい	기타
再会	さいかい	명사
再度	さいど	부사
再現	さいげん	명사
再生	さいせい	명사
再生可能	さいせいかのう	な형용사
再考	さいこう	명사
再選	さいせん	명사
再開	さいかい	명사
冒頭	ぼうとう	명사
写し	うつし	명사
写し出す	うつしだす	동사
写す	うつす	동사
写真	しゃしん	명사
冬山	ふゆやま	명사
冬眠	とうみん	명사
冴える	さえる	동사
冷たい	つめたい	い형용사
冷ます	さます	동사
冷やかす	ひやかす	동사
冷却	れいきゃく	명사
冷淡	れいたん	な형용사
冷蔵	れいぞう	명사
冷酷	れいこく	な형용사
凄まじい	すさまじい	い형용사
凌ぐ	しのぐ	동사
凌駕	りょうが	명사
凝らす	こごらす	동사
凝る	こごる	동사
凝視	ぎょうし	명사
几帳面	きちょうめん	な형용사
処分	しょぶん	명사
処置	しょち	명사
凶作	きょうさく	명사
凶器	きょうき	명사
凹凸	おうとつ	명사
出くわす	でくわす	동사
出しゃばる	でしゃばる	동사
出し合う	だしあう	동사
出す	だす	동사
出る	でる	동사
出世	しゅっせ	명사
出会う	であう	동사
出入口	でいりぐち	명사
出切る	できる	동사
出動	しゅつどう	명사
出向く	でむく	동사
出品	しゅっぴん	명사
出土	しゅつど	명사
出場	しゅつじょう	명사
出展	しゅってん	명사
出店	しゅってん	명사
出来	でき	명사
出来栄え	できばえ	명사
出来物	できもの	명사
出演	しゅつえん	명사
出現	しゅつげん	명사
出生	しゅっしょう	명사
出産	しゅっさん	명사
出直し	でなおし	명사
出社	しゅっしゃ	명사
出血	しゅっけつ	명사
出費	しゅっぴ	명사
出資	しゅっし	명사
出逢う	であう	동사
出題	しゅつだい	명사
出馬	しゅつば	명사
刃	は	명사
分	ふん	명사
分かる	わかる	동사
分列	ぶんれつ	명사
分別	ふんべつ	명사
分割	ぶんかつ	명사
分化	ぶんか	명사
分厚い	ぶあつい	い형용사
分子	ぶんし	명사
分担	ぶんたん	명사
分散	ぶんさん	명사
分析	ぶんせき	명사
分業	ぶんぎょう	명사
分母	ぶんぼ	명사
分配	ぶんぱい	명사
分野	ぶんや	명사
分離	ぶんり	명사
切ない	せつない	い형용사
切に	せつに	부사
切らす	きらす	동사
切り	きり	명사
切り出す	きりだす	동사
切り崩す	きりくずす	동사
切り抜ける	きりぬける	동사
切り捨て	きりすて	명사
切り捨てる	きりすてる	동사
切り替える	きりかえる	동사
切り盛り	きりもり	명사
切り詰める	きりつめる	동사
切る	きる	동사
切実	せつじつ	な형용사
切羽詰まる	せっぱつまる	동사
切開	せっかい	명사
刊本	かんぽん	명사
刊行	かんこう	명사
刑	けい	명사
刑罰	けいばつ	명사
初	はつ	명사
初め	はじめ	명사
初めて	はじめて	부사
初回	しょかい	명사
初対面	しょたいめん	명사
初年度	しょねんど	명사
初心者	しょしんしゃ	명사
初恋	はつこい	명사
初版	しょはん	명사
初級	しょきゅう	명사
初耳	はつみみ	명사
判	はん	명사
判例	はんれい	명사
判別	はんべつ	명사
判定	はんてい	명사
判明	はんめい	명사
判決	はんけつ	명사
別れる	わかれる	동사
別物	べつもの	명사
別途	べっと	な형용사
利く	きく	동사
利便	りべん	な형용사
利子	りし	명사
利息	りそく	명사
利根	りこん	な형용사
利潤	りじゅん	명사
利点	りてん	명사
利用	りよう	명사
到底	とうてい	부사
到達	とうたつ	명사
制	せい	명사
制する	せいする	동사
制定	せいてい	명사
制御	せいぎょ	명사
制服	せいふく	명사
制約	せいやく	명사
制裁	せいさい	명사
刷り	すり	명사
刺	とげ	명사
刺々しい	とげとげしい	い형용사
刺繍	ししゅう	명사
削減	さくげん	명사
前	ぜん	명사
前もって	まえもって	부사
前世	ぜんせ	명사
前代未聞	ぜんだいみもん	명사
前例	ぜんれい	명사
前倒し	まえだおし	명사
前半	ぜんはん	명사
前向き	まえむき	な형용사
前回	ぜんかい	명사
前売り	まえうり	명사
前提	ぜんてい	명사
前提条件	ぜんていじょうけん	명사
前置き	まえおき	명사
前衛	ぜんえい	명사
前途	ぜんと	명사
前頭葉	ぜんとうよう	명사
剥ぐ	はぐ	동사
剥げる	はげる	동사
副作用	ふくさよう	명사
割ける	さける	동사
割り切る	わりきる	동사
割り当て	わりあて	명사
割り振り	わりふり	명사
割り振る	わりふる	동사
割り込む	わりこむ	동사
割合	わりあい	명사
割引	わりびき	명사
創作	そうさく	명사
創刊	そうかん	명사
創意	そうい	명사
創意工夫	そういくふう	명사
創業	そうぎょう	명사
創立	そうりつ	명사
創造	そうぞう	명사
創造性	そうぞうせい	명사
劇団	げきだん	명사
劇的	げきてき	な형용사
力を入れる	ちからをいれる	표현
力不足	ちからぶそく	명사
力仕事	ちからしごと	명사
力学	りきがく	명사
力点	りきてん	명사
加入	かにゅう	명사
加味	かみ	명사
加工	かこう	명사
加盟	かめい	명사
加筆	かひつ	명사
劣勢	れっせい	명사
助	じょ	기타
助け	たすけ	명사
助け合う	たすけあう	동사
助動詞	じょどうし	명사
助成	じょせい	명사
助言	じょげん	명사
助詞	じょし	명사
助長	じょちょう	명사
努めて	つとめて	부사
努力	どりょく	명사
励ます	はげます	동사
励み	はげみ	명사
励む	はげむ	동사
労る	いたわる	동사
効き目	ききめ	명사
効力	こうりょく	명사
効果	こうか	명사
効率	こうりつ	명사
効用	こうよう	명사
効能	こうのう	명사
勇ましい	いさましい	い형용사
勇敢	ゆうかん	な형용사
勉める	つとめる	동사
勒	ろく	명사
動き	うごき	명사
動き回る	うごきまわる	동사
動く	うごく	동사
動力	どうりょく	명사
動向	どうこう	명사
動員	どういん	명사
動揺	どうよう	명사
動機	どうき	명사
動機付け	どうきづけ	명사
動物	どうぶつ	명사
動画	どうが	명사
動的	どうてき	な형용사
勘弁	かんべん	명사
務まる	つとまる	동사
務め	つとめ	명사
勝ち抜く	かちぬく	동사
勝ち負け	かちまけ	명사
勝つ	かつ	동사
勝る	まさる	동사
勝利	しょうり	명사
勝手	かって	명사
勝気	かちき	な형용사
勝訴	しょうそ	명사
募る	つのる	동사
募金	ぼきん	명사
勤め先	つとめさき	명사
勤労	きんろう	명사
勤勉	きんべん	な형용사
勤務	きんむ	명사
勧め	すすめ	명사
勧告	かんこく	명사
勧誘	かんゆう	명사
勾留	こうりゅう	명사
匂い	におい	명사
包括	ほうかつ	명사
化ける	ばける	동사
化する	かする	동사
化合	かごう	명사
化学	かがく	명사
化石	かせき	명사
化繊	かせん	명사
北山	きたやま	명사
匹	ひき	기타
区々	まちまち	な형용사
区分	くぶん	명사
区画	くかく	명사
区間	くかん	명사
医学	いがく	명사
医者	いしゃ	명사
匿名	とくめい	명사
十人十色	じゅうにんといろ	표현
十分	じゅうぶん	な형용사
十字路	じゅうじろ	명사
千差万別	せんさばんべつ	な형용사
千種	ちぐさ	명사
千載一遇	せんざいいちぐう	명사
午前	ごぜん	명사
午後	ごご	명사
半々	はんはん	명사
半信半疑	はんしんはんぎ	명사
半分	はんぶん	부사
半減	はんげん	명사
半端	はんぱ	명사
卑しい	いやしい	い형용사
卒業生	そつぎょうせい	명사
卓越	たくえつ	명사
協会	きょうかい	명사
協定	きょうてい	명사
協調	きょうちょう	명사
協議	きょうぎ	명사
単一	たんいつ	な형용사
単刀直入	たんとうちょくにゅう	な형용사
単独	たんどく	な형용사
単純化	たんじゅんか	명사
単純明快	たんじゅんめいかい	명사
単行本	たんこうぼん	명사
単調	たんちょう	な형용사
博す	はくす	동사
占有	せんゆう	명사
占領	せんりょう	명사
卯	う	명사
印	いん	명사
印象派	いんしょうは	명사
印象深い	いんしょうぶかい	い형용사
印鑑	いんかん	명사
危うい	あやうい	い형용사
危ぶむ	あやぶむ	동사
危害	きがい	명사
危機	きき	명사
危機一髪	ききいっぱつ	표현
即する	そくする	동사
即座	そくざ	명사
即座に	そくざに	부사
即時	そくじ	명사
却下	きゃっか	명사
厄介	やっかい	な형용사
厚み	あつみ	명사
厚子	あつこ	명사
厚手	あつで	な형용사
原っぱ	はらっぱ	명사
原作	げんさく	명사
原価	げんか	명사
原典	げんてん	명사
原則	げんそく	명사
原因	げんいん	명사
原型	げんけい	명사
原子	げんし	명사
原文	げんぶん	명사
原書	げんしょ	명사
原本	げんぽん	명사
原材料	げんざいりょう	명사
原案	げんあん	명사
原油	げんゆ	명사
原点	げんてん	명사
原爆	げんばく	명사
原生	げんせい	명사
厭世	えんせい	명사
厳か	おごそか	な형용사
厳しい	きびしい	い형용사
厳守	げんしゅ	명사
厳密	げんみつ	な형용사
厳寒	げんかん	명사
厳格	げんかく	な형용사
厳正	げんせい	な형용사
厳粛	げんしゅく	な형용사
厳選	げんせん	명사
去年	きょねん	명사
参る	まいる	동사
参上	さんじょう	명사
参入	さんにゅう	명사
参照	さんしょう	명사
参議院	さんぎいん	명사
及び	および	기타
及ぶ	およぶ	동사
友達	ともだち	명사
双方	そうほう	명사
双眼鏡	そうがんきょう	명사
反	たん	명사
反す	はんす	동사
反する	はんする	동사
反乱	はんらん	명사
反動	はんどう	명사
反対	はんたい	명사
反射	はんしゃ	명사
反復	はんぷく	명사
反応	はんのう	명사
反感	はんかん	명사
反撃	はんげき	명사
反発	はんぱつ	명사
反芻	はんすう	명사
反証	はんしょう	명사
反論	はんろん	명사
反面	はんめん	기타
反響	はんきょう	명사
収まる	おさまる	동사
収容	しゅうよう	명사
収支	しゅうし	명사
収斂	しゅうれん	명사
収益	しゅうえき	명사
収納	しゅうのう	명사
収集	しゅうしゅう	명사
取りあえず	とりあえず	부사
取りまとめる	とりまとめる	동사
取り交わす	とりかわす	동사
取り仕切る	とりしきる	동사
取り分け	とりわけ	부사
取り寄せる	とりよせる	동사
取り巻く	とりまく	동사
取り戻す	とりもどす	동사
取り扱う	とりあつかう	동사
取り押さえる	とりおさえる	동사
取り掛かる	とりかかる	동사
取り替え	とりかえ	명사
取り次ぐ	とりつぐ	동사
取り残す	とりのこす	동사
取り決め	とりきめ	명사
取り決める	とりきめる	동사
取り混ぜる	とりまぜる	동사
取り立てる	とりたてる	동사
取り紛れる	とりまぎれる	동사
取り組み	とりくみ	명사
取り組む	とりくむ	동사
取り締まり	とりしまり	명사
取り締まる	とりしまる	동사
取り纏める	とりまとめる	동사
取り計い	とりはからい	명사
取り計らう	とりはからう	동사
取り調べる	とりしらべる	동사
取り除く	とりのぞく	동사
取る	とる	동사
取引	とりひき	명사
取得	しゅとく	명사
取捨選択	しゅしゃせんたく	명사
取材	しゅざい	명사
取材源	しゅざいげん	명사
取締役	とりしまりやく	명사
受かる	うかる	동사
受けとる	うけとる	동사
受ける	うける	동사
受け付ける	うけつける	동사
受け入れる	うけいれる	동사
受け売り	うけうり	명사
受け止める	うけとめる	동사
受け流す	うけながす	동사
受け渡し	うけわたし	명사
受け皿	うけざら	명사
受け継ぐ	うけつぐ	동사
受け身	うけみ	명사
受付	うけつけ	명사
受信	じゅしん	명사
受動	じゅどう	명사
受診	じゅしん	명사
受賞	じゅしょう	명사
受身	うけみ	명사
受験生	じゅけんせい	명사
叙事	じょじ	명사
叙情	じょじょう	명사
口が堅い	くちがかたい	표현
口が滑る	くちがすべる	표현
口ずさむ	くちずさむ	동사
口を割る	くちをわる	표현
口を挟む	くちをはさむ	표현
口を揃える	くちをそろえる	표현
口コミ	くちこみ	명사
口数	くちかず	명사
口述	こうじゅつ	명사
口頭	こうとう	명사
古	いにしえ	명사
古い	ふるい	い형용사
古く	ふるく	부사
古代	こだい	명사
古都	こと	명사
叩き台	たたきだい	명사
只管	ひたすら	부사
叫び	さけび	명사
叫ぶ	さけぶ	동사
召し上がる	めしあがる	동사
召す	めす	동사
可否	かひ	명사
可愛い	かわいい	い형용사
可笑しい	おかしい	い형용사
可能性	かのうせい	명사
可視	かし	명사
台数	だいすう	명사
台本	だいほん	명사
台無し	だいなし	な형용사
右往左往	うおうさおう	명사
右手	みぎて	명사
叶う	かなう	동사
叶える	かなえる	동사
号	ごう	명사
司る	つかさどる	동사
司法	しほう	명사
各国	かっこく	명사
各所	かくしょ	명사
各月	かくつき	명사
各社	かくしゃ	명사
各種	かくしゅ	명사
合う	あう	동사
合わす	あわす	동사
合わせ	あわせ	명사
合併	がっぺい	명사
合唱	がっしょう	명사
合宿	がっしゅく	명사
合意	ごうい	명사
合成	ごうせい	명사
合成物	ごうせいぶつ	명사
合理	ごうり	명사
合致	がっち	명사
合言葉	あいことば	명사
合議	ごうぎ	명사
合間	あいま	명사
同	どう	기타
同い年	おないどし	명사
同じ	おなじ	な형용사
同じく	おなじく	부사
同一	どういつ	な형용사
同伴	どうはん	명사
同列	どうれつ	명사
同士	どうし	명사
同封	どうふう	명사
同居	どうきょ	명사
同志	どうし	명사
同情	どうじょう	명사
同意	どうい	명사
同時に	どうじに	표현
同然	どうぜん	な형용사
同等	どうとう	な형용사
同義	どうぎ	명사
同行	どうこう	명사
同調	どうちょう	명사
名付ける	なづける	동사
名前	なまえ	명사
名曲	めいきょく	명사
名札	なふだ	명사
名残	なごり	명사
名物	めいぶつ	명사
名産	めいさん	명사
名称	めいしょう	명사
名簿	めいぼ	명사
名義	めいぎ	명사
名誉	めいよ	명사
名門	めいもん	명사
名高い	なだかい	い형용사
吐き出す	はきだす	동사
吐く	つく	동사
向う	むかう	동사
向き	むき	명사
向け	むけ	명사
向けなおす	むけなおす	동사
向上	こうじょう	명사
君	きみ	명사
君主	くんしゅ	명사
吟味	ぎんみ	명사
否や	いなや	표현
否決	ひけつ	명사
含意	がんい	명사
含蓄	がんちく	명사
吸取る	すいとる	동사
吹く	ふく	동사
吹奏	すいそう	명사
呆気	あっけ	명사
呆気ない	あっけない	い형용사
呆然	ぼうぜん	부사
呉れる	くれる	동사
告げる	つげる	동사
告白	こくはく	명사
呑む	のむ	동사
呑気	のんき	な형용사
呟く	つぶやく	동사
周到	しゅうとう	な형용사
周期	しゅうき	명사
周波数	しゅうはすう	명사
味わい	あじわい	명사
味付け	あじつけ	명사
味噌汁	みそしる	명사
味覚	みかく	명사
呼び止める	よびとめる	동사
呼び起こす	よびおこす	동사
呼び込む	よびこむ	동사
呼ぶ	よぶ	동사
呼称	こしょう	명사
命中	めいちゅう	명사
咄嗟	とっさ	명사
咄嗟に	とっさに	부사
和	わ	명사
和やか	なごやか	な형용사
和らぐ	やわらぐ	동사
和らげる	やわらげる	동사
和室	わしつ	명사
和文	わぶん	명사
和解	わかい	명사
和食	わしょく	명사
咎める	とがめる	동사
咲かせる	さかせる	동사
咲き乱れる	さきみだれる	동사
咲く	さく	동사
哀れむ	あわれむ	동사
品物	しなもの	명사
品種	ひんしゅ	명사
品質	ひんしつ	명사
哉	かな	조사
員	いん	명사
員数	いんすう	명사
哲学	てつがく	명사
哺乳類	ほにゅうるい	명사
唆す	そそのかす	동사
唐突	とうとつ	な형용사
唯物論	ゆいぶつろん	명사
唱える	となえる	동사
問	もん	기타
問いかける	といかける	동사
問い合わせ	といあわせ	명사
問い合わせる	といあわせる	동사
問い詰める	といつめる	동사
問う	とう	동사
問題	もんだい	명사
啓発	けいはつ	명사
善良	ぜんりょう	な형용사
喚問	かんもん	명사
喚起	かんき	명사
喜劇	きげき	명사
喜怒哀楽	きどあいらく	명사
喧しい	やかましい	い형용사
喪う	うしなう	동사
喪失	そうしつ	명사
喫茶	きっさ	명사
喫茶店	きっさてん	명사
営み	いとなみ	명사
営む	いとなむ	동사
営利	えいり	명사
嗚呼	ああ	표현
嗜好	しこう	명사
嗣	し	명사
嗾ける	けしかける	동사
嘆	たん	명사
嘆かわしい	なげかわしい	い형용사
嘆く	なげく	동사
嘗て	かつて	부사
嘘	うそ	명사
嘘つき	うそつき	명사
嘲る	あざける	동사
嘴	くちばし	명사
嘸	さぞ	부사
噛み切る	かみきる	동사
器	うつわ	명사
器官	きかん	명사
器用	きよう	な형용사
囀る	さえずる	동사
四つ	よっつ	명사
四面楚歌	しめんそか	명사
回収	かいしゅう	명사
回線	かいせん	명사
回覧	かいらん	명사
回路	かいろ	명사
回避	かいひ	명사
回顧	かいこ	명사
因って	よって	기타
因果	いんが	명사
団員	だんいん	명사
団扇	うちわ	명사
団結	だんけつ	명사
困る	こまる	동사
囲む	かこむ	동사
図る	はかる	동사
図書館	としょかん	명사
図面	ずめん	명사
固い	かたい	い형용사
固める	かためる	동사
固体	こたい	명사
固執	こしつ	명사
固定	こてい	명사
固形	こけい	명사
固有	こゆう	な형용사
国交	こっこう	명사
国内	こくない	명사
国土	こくど	명사
国定	こくてい	명사
国是	こくぜ	명사
国有	こくゆう	명사
国産	こくさん	명사
国連	こくれん	명사
国防	こくぼう	명사
圏	けん	기타
園	その	명사
土俵	どひょう	명사
土台	どだい	명사
土器	どき	명사
土壌	どじょう	명사
土手	どて	명사
土曜日	どようび	명사
土木	どぼく	명사
土産	どさん	명사
圧倒	あっとう	명사
圧力	あつりょく	명사
圧迫	あっぱく	명사
在り方	ありかた	명사
在住	ざいじゅう	명사
在庫	ざいこ	명사
地上	ちじょう	명사
地主	じぬし	명사
地元	じもと	명사
地味	じみ	な형용사
地形	ちけい	명사
地方	じかた	명사
地獄	じごく	명사
地盤	じばん	명사
坂	さか	명사
坂道	さかみち	명사
均一	きんいつ	な형용사
均整	きんせい	명사
均等	きんとう	な형용사
均衡	きんこう	명사
均質	きんしつ	な형용사
垂らす	たらす	동사
垂れる	たれる	동사
垂れ込める	たれこめる	동사
型どおり	かたどおり	부사
埃	ほこり	명사
埋まる	うまる	동사
埋め立てる	うめたてる	동사
埋め込む	うめこむ	동사
埋もれる	うもれる	동사
埋蔵	まいぞう	명사
城下	じょうか	명사
埒が明かない	らちがあかない	표현
域外	いきがい	명사
執着	しゅうちゃく	명사
執行猶予	しっこうゆうよ	명사
基	もとい	명사
基底	きてい	명사
基本形	きほんけい	명사
基準	きじゅん	명사
基盤	きばん	명사
基調	きちょう	명사
基軸	きじく	명사
基金	ききん	명사
埼玉	さいたま	명사
堂々	どうどう	부사
堅苦しい	かたくるしい	い형용사
堤防	ていぼう	명사
堪能	たんのう	な형용사
報じる	ほうじる	동사
報ずる	ほうずる	동사
報道	ほうどう	명사
報道機関	ほうどうきかん	명사
報酬	ほうしゅう	명사
場合	ばあい	명사
場所	ばしょ	명사
塗りつぶす	ぬりつぶす	동사
塗り替える	ぬりかえる	동사
塗り込める	ぬりこめる	동사
塩	しお	명사
塩分	えんぶん	명사
塾	じゅく	명사
境界	きょうかい	명사
境遇	きょうぐう	명사
墓地	ぼち	명사
増員	ぞういん	명사
増殖	ぞうしょく	명사
増進	ぞうしん	명사
墜落	ついらく	명사
壊す	こわす	동사
壊れる	こわれる	동사
壕	ごう	명사
壮大	そうだい	な형용사
壮年	そうねん	명사
壮絶	そうぜつ	な형용사
声	こえ	명사
声明	せいめい	명사
売り出し	うりだし	명사
売り出す	うりだす	동사
売り場	うりば	명사
売り込む	うりこむ	동사
売る	うる	동사
売れ残る	うれのこる	동사
売上げ	うりあげ	명사
壺	つぼ	명사
変える	かえる	동사
変わる	かわる	동사
変動	へんどう	명사
変容	へんよう	명사
変換	へんかん	명사
変異	へんい	명사
変質	へんしつ	명사
変遷	へんせん	명사
変革	へんかく	명사
夏	なつ	명사
夏休み	なつやすみ	명사
夕べ	ゆうべ	명사
夕方	ゆうがた	명사
夕焼け	ゆうやけ	명사
外れ	はずれ	명사
外国	がいこく	명사
外在	がいざい	명사
外方	そっぽ	명사
外来	がいらい	명사
外相	がいしょう	명사
外貨	がいか	명사
外需	がいじゅ	명사
外食	がいしょく	명사
多々	たた	부사
多い	おおい	い형용사
多く	おおく	명사
多分	たぶん	부사
多少	たしょう	부사
多岐	たき	な형용사
多彩	たさい	な형용사
多忙	たぼう	명사
多数	たすう	명사
多数決	たすうけつ	명사
多様	たよう	な형용사
多様性	たようせい	명사
多角	たかく	명사
多言	たげん	명사
多面	ためん	명사
多額	たがく	な형용사
夜	よる	명사
夜中	やちゅう	명사
夜具	やぐ	명사
夜店	よみせ	명사
夜明け	よあけ	명사
夜景	やけい	명사
夜更かし	よふかし	명사
夜空	よぞら	명사
夢	ゆめ	명사
夢想	むそう	명사
夥しい	おびただしい	い형용사
大々的	だいだいてき	な형용사
大きい	おおきい	い형용사
大きめ	おおきめ	な형용사
大げさ	おおげさ	な형용사
大さじ	おおさじ	명사
大はしゃぎ	おおはしゃぎ	명사
大まか	おおまか	な형용사
大丈夫	だいじょうぶ	な형용사
大事	だいじ	な형용사
大人	おとな	명사
大人気	だいにんき	명사
大会	たいかい	명사
大便	だいべん	명사
大切	たいせつ	な형용사
大同小異	だいどうしょうい	な형용사
大地	だいち	명사
大型	おおがた	명사
大声	おおごえ	명사
大変	たいへん	부사
大好き	だいすき	な형용사
大学	だいがく	명사
大学生	だいがくせい	명사
大学院生	だいがくいんせい	명사
大山	おおやま	명사
大幅	おおはば	な형용사
大所	おおどころ	명사
大掛かり	おおがかり	な형용사
大方	おおかた	명사
大柄	おおがら	な형용사
大森	おおもり	명사
大概	たいがい	부사
大気	たいき	명사
大水	おおみず	명사
大発見	だいはっけん	명사
大空	おおぞら	명사
大筋	おおすじ	명사
大胆	だいたん	な형용사
大胆不敵	だいたんふてき	な형용사
大豆	だいず	명사
大野	おおの	명사
大金	たいきん	명사
大阪	おおさか	명사
天井	てんじょう	명사
天体	てんたい	명사
天国	てんごく	명사
天地	てんち	명사
天才	てんさい	명사
天気	てんき	명사
天災	てんさい	명사
太い	ふとい	い형용사
失せる	うせる	동사
失敗	しっぱい	명사
失格	しっかく	명사
失礼	しつれい	명사
失礼しました	しつれいしました	표현
失礼します	しつれいします	표현
失礼ですが	しつれいですが	표현
失脚	しっきゃく	명사
失調	しっちょう	명사
奇怪	きかい	な형용사
奇抜	きばつ	な형용사
奇数	きすう	명사
奇跡	きせき	명사
奉る	たてまつる	동사
奉仕	ほうし	명사
契機	けいき	명사
奔放	ほんぽう	な형용사
奢る	おごる	동사
奥	おく	명사
奥ゆかしい	おくゆかしい	い형용사
奥深い	おくぶかい	い형용사
奥行き	おくゆき	명사
奨励	しょうれい	명사
奪う	うばう	동사
奮闘	ふんとう	명사
女史	じょし	명사
女性	じょせい	명사
奴	やっこ	명사
好き	すき	な형용사
好ましい	このましい	い형용사
好奇	こうき	명사
好意	こうい	명사
好感	こうかん	명사
好機	こうき	명사
好況	こうきょう	명사
好物	こうぶつ	명사
好評	こうひょう	명사
好調	こうちょう	な형용사
好転	こうてん	명사
好都合	こうつごう	な형용사
如何	どう	부사
如何して	どうして	부사
如何せん	いかんせん	부사
如何に	いかに	부사
如何にも	いかにも	부사
如実	にょじつ	명사
妊娠	にんしん	명사
妥協	だきょう	명사
妥当	だとう	な형용사
妥当性	だとうせい	명사
妥結	だけつ	명사
妨害	ぼうがい	명사
妬む	ねたむ	동사
姉ちゃん	ねえちゃん	명사
始まる	はじまる	동사
始め	はじめ	명사
始める	はじめる	동사
始末	しまつ	명사
始発	しはつ	명사
始終	しじゅう	부사
姓名	せいめい	명사
委ねる	ゆだねる	동사
委託	いたく	명사
姿	すがた	명사
威力	いりょく	명사
威嚇	いかく	명사
婉曲	えんきょく	な형용사
媒介	ばいかい	명사
嫉妬	しっと	명사
嫌	いや	な형용사
嫌々	いやいや	부사
嫌い	きらい	な형용사
嫌に	いやに	부사
嫌らしい	いやらしい	い형용사
嫌味	いやみ	명사
嫌悪	けんお	명사
嬉々	きき	부사
嬉しい	うれしい	い형용사
嬢	じょう	명사
子	こ	명사
子ども	こども	명사
子育て	こそだて	명사
孕む	はらむ	동사
字	あざ	명사
字体	じたい	명사
字幕	じまく	명사
存じ上げる	ぞんじあげる	동사
存亡	そんぼう	명사
存在	そんざい	명사
存続	そんぞく	명사
季節	きせつ	명사
孤児	こじ	명사
孤独	こどく	명사
孤立	こりつ	명사
学び	まなび	명사
学内	がくない	명사
学士	がくし	명사
学校	がっこう	명사
学歴	がくれき	명사
学生	がくせい	명사
学芸	がくげい	명사
学説	がくせつ	명사
学際	がくさい	명사
学齢	がくれい	명사
孵す	かえす	동사
孵る	かえる	동사
宅配	たくはい	명사
守る	まもる	동사
守備	しゅび	명사
守衛	しゅえい	명사
安い	やすい	い형용사
安っぽい	やすっぽい	い형용사
安らか	やすらか	な형용사
安堵	あんど	명사
安定性	あんていせい	명사
安心	あんしん	명사
安静	あんせい	명사
完売	かんばい	명사
完璧	かんぺき	な형용사
完結	かんけつ	명사
官僚	かんりょう	명사
宙返り	ちゅうがえり	명사
定か	さだか	な형용사
定まる	さだまる	동사
定める	さだめる	동사
定年	ていねん	명사
定数	ていすう	명사
定時	ていじ	명사
定番	ていばん	명사
定着	ていちゃく	명사
定義	ていぎ	명사
定職	ていしょく	명사
定評	ていひょう	명사
定説	ていせつ	명사
定食	ていしょく	명사
宛て	あて	명사
宝くじ	たからくじ	명사
宝器	ほうき	명사
宝庫	ほうこ	명사
宝探し	たからさがし	명사
実	じつ	명사
実体	じったい	명사
実像	じつぞう	명사
実力	じつりょく	명사
実在	じつざい	명사
実地	じっち	명사
実存	じつぞん	명사
実家	じっか	명사
実情	じつじょう	명사
実態	じったい	명사
実技	じつぎ	명사
実業家	じつぎょうか	명사
実証	じっしょう	명사
実費	じっぴ	명사
実質	じっしつ	명사
実践	じっせん	명사
客体	きゃくたい	명사
客層	きゃくそう	명사
客観	きゃっかん	명사
客観的	きゃっかんてき	な형용사
宣教	せんきょう	명사
宣言	せんげん	명사
室	しつ	명사
室内	しつない	명사
宥める	なだめる	동사
宮殿	きゅうでん	명사
害する	がいする	동사
家出	いえで	명사
家来	けらい	명사
家業	かぎょう	명사
家計	かけい	명사
家電	かでん	명사
容易い	たやすい	い형용사
容認	ようにん	명사
容量	ようりょう	명사
宿命	しゅくめい	명사
寂しい	さびしい	い형용사
寄りかかる	よりかかる	동사
寄り添う	よりそう	동사
寄る	よる	동사
寄与	きよ	명사
寄贈	きぞう	명사
密か	ひそか	な형용사
密度	みつど	명사
密接	みっせつ	な형용사
密着	みっちゃく	명사
密集	みっしゅう	명사
富	とみ	명사
富む	とむ	동사
富士	ふじ	명사
富豪	ふごう	명사
寒い	さむい	い형용사
寒冷	かんれい	명사
寒気	さむけ	명사
寓意	ぐうい	명사
寛ぐ	くつろぐ	동사
寛大	かんだい	な형용사
寛容	かんよう	명사
寝かせる	ねかせる	동사
寝る	ねる	동사
寝不足	ねぶそく	な형용사
寝返り	ねがえり	명사
察す	さっす	동사
察する	さっする	동사
察知	さっち	명사
寡占	かせん	명사
寡黙	かもく	な형용사
寧ろ	むしろ	부사
審判	しんぱん	명사
審査	しんさ	명사
審議	しんぎ	명사
対して	たいして	표현
対処	たいしょ	명사
対局	たいきょく	명사
対峙	たいじ	명사
対応	たいおう	명사
対戦	たいせん	명사
対抗	たいこう	명사
対極	たいきょく	명사
対比	たいひ	명사
対決	たいけつ	명사
対照	たいしょう	명사
対等	たいとう	명사
対話	たいわ	명사
対談	たいだん	명사
対象	たいしょう	명사
対辺	たいへん	명사
対面	たいめん	명사
封	ふう	명사
封印	ふういん	명사
封建	ほうけん	명사
封筒	ふうとう	명사
封鎖	ふうさ	명사
専ら	もっぱら	부사
専修	せんしゅう	명사
専心	せんしん	명사
専念	せんねん	명사
専用	せんよう	명사
尉	じょう	명사
尊い	とうとい	い형용사
尊ぶ	とうとぶ	동사
尋ねる	たずねる	동사
導き出す	みちびきだす	동사
導く	みちびく	동사
導入	どうにゅう	명사
小さい	ちいさい	い형용사
小切手	こぎって	명사
小品	しょうひん	명사
小型	こがた	명사
小売	こうり	명사
小学校	しょうがっこう	명사
小学生	しょうがくせい	명사
小屋	こや	명사
小山	こやま	명사
小柄	こがら	な형용사
小物	こもの	명사
小説	しょうせつ	명사
小路	こうじ	명사
小野	おの	명사
小銭	こぜに	명사
小鳥	ことり	명사
少い	すくない	い형용사
少し	すこし	부사
少ない	すくない	い형용사
少子	しょうし	명사
少子化	しょうしか	명사
少数	しょうすう	명사
尚	なお	부사
尚更	なおさら	부사
就任	しゅうにん	명사
就学	しゅうがく	명사
就業	しゅうぎょう	명사
就活	しゅうかつ	명사
尺度	しゃくど	명사
尻込み	しりごみ	명사
尽きる	つきる	동사
尽くす	つくす	동사
尾	お	명사
尿	にょう	명사
局所	きょくしょ	명사
局限	きょくげん	명사
局面	きょくめん	명사
居住	きょじゅう	명사
居心地	いごこち	명사
屈折	くっせつ	명사
届	とどけ	명사
届く	とどく	동사
届け	とどけ	명사
届ける	とどける	동사
屋内	おくない	명사
屋敷	やしき	명사
展望	てんぼう	명사
展示	てんじ	명사
展覧	てんらん	명사
属性	ぞくせい	명사
履歴	りれき	명사
履行	りこう	명사
山々	やまやま	명사
山下	やました	명사
山中	さんちゅう	명사
山場	やまば	명사
山小屋	やまごや	명사
山岳	さんがく	명사
山本	やまもと	명사
山村	さんそん	명사
山脈	さんみゃく	명사
山腹	さんぷく	명사
山菜	さんさい	명사
屹度	きっと	부사
岐路	きろ	명사
岩石	がんせき	명사
峰	みね	명사
島田	しまだ	명사
崇める	あがめる	동사
崇拝	すうはい	명사
崇高	すうこう	な형용사
崖	がけ	명사
嵌まる	はまる	동사
嵩む	かさむ	동사
嵩張る	かさばる	동사
巡回	じゅんかい	명사
工作	こうさく	명사
工具	こうぐ	명사
工合	ぐあい	명사
工場	こうじょう	명사
工学	こうがく	명사
工学部	こうがくぶ	명사
工程	こうてい	명사
工面	くめん	명사
左利き	ひだりきき	명사
巧み	たくみ	な형용사
巧妙	こうみょう	な형용사
巧者	こうしゃ	な형용사
巨匠	きょしょう	명사
差し上げる	さしあげる	동사
差し出す	さしだす	동사
差し向ける	さしむける	동사
差し引く	さしひく	동사
差し当たり	さしあたり	부사
差し戻す	さしもどす	동사
差し挟む	さしはさむ	동사
差し掛かる	さしかかる	동사
差し控える	さしひかえる	동사
差し支える	さしつかえる	동사
差し替える	さしかえる	동사
差し止める	さしとめる	동사
差し迫る	さしせまる	동사
差す	さす	동사
差異	さい	명사
差額	さがく	명사
巷	ちまた	명사
巻	まき	명사
巻き起こす	まきおこす	동사
巻き込む	まきこむ	동사
巻き返す	まきかえす	동사
市内	しない	명사
市営	しえい	명사
市場原理	しじょうげんり	명사
市外	しがい	명사
市役所	しやくしょ	명사
市街	しがい	명사
市街地	しがいち	명사
市販	しはん	명사
市長	しちょう	명사
布告	ふこく	명사
希少	きしょう	な형용사
希望	きぼう	명사
帥	すい	명사
帯びる	おびる	동사
帰り	かえり	명사
帰る	かえる	동사
帰京	ききょう	명사
帰納	きのう	명사
帰結	きけつ	명사
帳	とばり	명사
常々	つねづね	부사
常時	じょうじ	명사
常駐	じょうちゅう	명사
幅広い	はばひろい	い형용사
干し	ほし	명사
干し物	ほしもの	명사
干渉	かんしょう	명사
平たい	ひらたい	い형용사
平屋	ひらや	명사
平常	へいじょう	명사
平然	へいぜん	부사
平等	びょうどう	명사
平行	へいこう	명사
年々	ねんねん	명사
年上	としうえ	명사
年号	ねんごう	명사
年商	ねんしょう	명사
年数	ねんすう	명사
年生	ねんせい	기타
年老いる	としおいる	동사
年配	ねんぱい	명사
年金	ねんきん	명사
年鑑	ねんかん	명사
年長	ねんちょう	な형용사
年間	ねんかん	명사
年頃	としごろ	명사
幸せ	しあわせ	명사
幹	みき	명사
幹線	かんせん	명사
幹部	かんぶ	명사
幻冬舎	げんとうしゃ	명사
幻想	げんそう	명사
幼少	ようしょう	명사
幼虫	ようちゅう	명사
幽霊	ゆうれい	명사
幾多	いくた	부사
庁	ちょう	명사
広い	ひろい	い형용사
広がり	ひろがり	명사
広がる	ひろがる	동사
広まる	ひろまる	동사
広報	こうほう	명사
広大	こうだい	な형용사
床	とこ	명사
底力	そこぢから	명사
店	てん	명사
店主	てんしゅ	명사
店内	てんない	명사
店員	てんいん	명사
店舗	てんぽ	명사
店長	てんちょう	명사
店頭	てんとう	명사
度	ど	명사
度が過ぎる	どがすぎる	표현
度を超す	どをこす	표현
度合い	どあい	명사
度肝を抜く	どぎもをぬく	표현
座る	すわる	동사
座標	ざひょう	명사
座禅	ざぜん	명사
座談	ざだん	명사
座談会	ざだんかい	명사
庭先	にわさき	명사
庭園	ていえん	명사
庭木	にわき	명사
庶務	しょむ	명사
廃れる	すたれる	동사
廃棄	はいき	명사
廃止	はいし	명사
延いては	ひいては	부사
延びる	のびる	동사
延べ	のべ	명사
延長	えんちょう	명사
建てる	たてる	동사
建て替える	たてかえる	동사
建前	たてまえ	명사
建物	たてもの	명사
弁解	べんかい	명사
弁論	べんろん	명사
弁護	べんご	명사
弁護士	べんごし	명사
弄る	いじる	동사
弊害	へいがい	명사
弊店	へいてん	명사
弊社	へいしゃ	명사
式場	しきじょう	명사
弓	ゆみ	명사
弔う	とむらう	동사
引き	ひき	명사
引きずり出す	ひきずりだす	동사
引きずり込む	ひきずりこむ	동사
引きずる	ひきずる	동사
引き上げる	ひきあげる	동사
引き下げる	ひきさげる	동사
引き取る	ひきとる	동사
引き受ける	ひきうける	동사
引き合わせる	ひきあわせる	동사
引き戻す	ひきもどす	동사
引き換え	ひきかえ	명사
引き渡し	ひきわたし	명사
引き渡す	ひきわたす	동사
引き立てる	ひきたてる	동사
引き継ぐ	ひきつぐ	동사
引き続き	ひきつづき	부사
引き続く	ひきつづく	동사
引き締める	ひきしめる	동사
引き裂く	ひきさく	동사
引き起こす	ひきおこす	동사
引く	ひく	동사
引ける	ひける	동사
引っかく	ひっかく	동사
引っ掛ける	ひっかける	동사
引越し	ひっこし	명사
弛み	たるみ	명사
弛む	たるむ	동사
弟	おとうと	명사
弟子	でし	명사
弱	じゃく	기타
弱々しい	よわよわしい	い형용사
弱い	よわい	い형용사
弱まる	よわまる	동사
弱める	よわめる	동사
弱る	よわる	동사
弱気	よわき	な형용사
弱者	じゃくしゃ	명사
張り	はり	명사
張り上げる	はりあげる	동사
張り出す	はりだす	동사
張り切る	はりきる	동사
張り合う	はりあう	동사
張り巡らす	はりめぐらす	동사
張り紙	はりがみ	명사
張り詰める	はりつめる	동사
強い	つよい	い형용사
強いて	しいて	부사
強いる	しいる	동사
強まる	つよまる	동사
強み	つよみ	명사
強める	つよめる	동사
強制	きょうせい	명사
強固	きょうこ	な형용사
強度	きょうど	명사
強引	ごういん	な형용사
強気	つよき	な형용사
強烈	きょうれつ	な형용사
強硬	きょうこう	な형용사
強要	きょうよう	명사
強請る	ねだる	동사
弾く	はじく	동사
弾ける	はじける	동사
弾む	はずむ	동사
弾力	だんりょく	명사
弾劾	だんがい	명사
当て	あて	명사
当て字	あてじ	명사
当事者	とうじしゃ	명사
当人	とうにん	명사
当初	とうしょ	명사
当店	とうてん	명사
当座	とうざ	명사
当然	とうぜん	な형용사
当番	とうばん	명사
当社	とうしゃ	명사
当面	とうめん	명사
当館	とうかん	명사
形勢	けいせい	명사
形態	けいたい	명사
形成	けいせい	명사
形而上	けいじじょう	명사
形質	けいしつ	명사
彩り	いろどり	명사
影	かげ	명사
影を潜める	かげをひそめる	표현
影響力	えいきょうりょく	명사
役	えき	명사
役立つ	やくだつ	동사
彼処	あそこ	명사
彼方	あちら	명사
往年	おうねん	명사
往来	おうらい	명사
征服	せいふく	명사
待たす	またす	동사
待ち伏せ	まちぶせ	명사
待ち合わせ	まちあわせ	명사
待ち望む	まちのぞむ	동사
待ち遠しい	まちどおしい	い형용사
待つ	まつ	동사
待望	たいぼう	명사
待遇	たいぐう	명사
律儀	りちぎ	な형용사
後々	のちのち	명사
後で	あとで	표현
後の祭り	あとのまつり	표현
後ろめたい	うしろめたい	い형용사
後ろ髪を引かれる	うしろがみをひかれる	표현
後を引く	あとをひく	표현
後を絶たない	あとをたたない	표현
後世	こうせい	명사
後半	こうはん	명사
後味	あとあじ	명사
後回し	あとまわし	명사
後天的	こうてんてき	な형용사
後悔	こうかい	명사
後手に回る	ごてにまわる	표현
後手を踏む	ごてをふむ	표현
後方	こうほう	명사
後日	ごじつ	명사
後継	こうけい	명사
後退	こうたい	명사
徐々に	じょじょに	부사
徐行	じょこう	명사
徒歩	とほ	명사
従事	じゅうじ	명사
従属	じゅうぞく	명사
従来	じゅうらい	명사
従業	じゅうぎょう	명사
従業員	じゅうぎょういん	명사
従順	じゅうじゅん	な형용사
得点	とくてん	명사
得策	とくさく	명사
御座います	ございます	표현
御社	おんしゃ	명사
復元	ふくげん	명사
復帰	ふっき	명사
復旧	ふっきゅう	명사
復活	ふっかつ	명사
復興	ふっこう	명사
循環	じゅんかん	명사
微か	かすか	な형용사
微塵	みじん	명사
微量	びりょう	명사
徴収	ちょうしゅう	명사
徴税	ちょうぜい	명사
徹する	てっする	동사
徹底的	てっていてき	な형용사
心	こころ	명사
心から	こころから	부사
心がけ	こころがけ	명사
心がける	こころがける	동사
心中	しんじゅう	명사
心地	ここち	명사
心地よい	ここちよい	표현
心境	しんきょう	명사
心強い	こころづよい	い형용사
心得	こころえ	명사
心情	しんじょう	명사
心意気	こころいき	명사
心持ち	こころもち	명사
心機一転	しんきいってん	명사
心的	しんてき	な형용사
心細い	こころぼそい	い형용사
心血を注ぐ	しんけつをそそぐ	표현
心遣い	こころづかい	명사
必ずしも	かならずしも	부사
必修	ひっしゅう	명사
必然	ひつぜん	な형용사
必然性	ひつぜんせい	명사
必着	ひっちゃく	명사
必至	ひっし	な형용사
必需	ひつじゅ	명사
必須	ひっす	な형용사
忌々しい	いまいましい	い형용사
忌まわしい	いまわしい	い형용사
忍び	しのび	명사
志	こころざし	명사
志す	こころざす	동사
志向	しこう	명사
志望	しぼう	명사
忘れる	わすれる	동사
忘却	ぼうきゃく	명사
忙しい	いそがしい	い형용사
応え	こたえ	명사
応える	こたえる	동사
応募	おうぼ	명사
応援	おうえん	명사
忠告	ちゅうこく	명사
忠実	ちゅうじつ	な형용사
快い	こころよい	い형용사
快挙	かいきょ	명사
快活	かいかつ	な형용사
快適	かいてき	な형용사
念	ねん	명사
念には念を入れる	ねんにはねんをいれる	표현
念のため	ねんのため	표현
念を入れる	ねんをいれる	표현
念を押す	ねんをおす	표현
念入り	ねんいり	な형용사
念頭に置く	ねんとうにおく	표현
念願	ねんがん	명사
忽ち	たちまち	부사
怒り	いかり	명사
怒る	おこる	동사
怖がる	こわがる	동사
思い	おもい	명사
思いこむ	おもいこむ	동사
思いつき	おもいつき	명사
思いやる	おもいやる	동사
思い入れ	おもいいれ	명사
思い出	おもいで	명사
思い出す	おもいだす	동사
思い出深い	おもいでぶかい	い형용사
思い切る	おもいきる	동사
思い悩む	おもいなやむ	동사
思い描く	おもいえがく	동사
思い知らす	おもいしらす	동사
思い込み	おもいこみ	명사
思い通り	おもいどおり	명사
思い違い	おもいちがい	명사
思う	おもう	동사
思える	おもえる	동사
思わず	おもわず	부사
思惟	しい	명사
思想	しそう	명사
思想家	しそうか	명사
思慮	しりょ	명사
思索	しさく	명사
思考	しこう	명사
怠い	だるい	い형용사
怠慢	たいまん	명사
急かす	せかす	동사
急ぎ	いそぎ	명사
急ぐ	いそぐ	동사
急務	きゅうむ	명사
急増	きゅうぞう	명사
性質	せいしつ	명사
怪獣	かいじゅう	명사
怯える	おびえる	동사
恋	こい	명사
恋する	こいする	동사
恋愛	れんあい	명사
恐い	こわい	い형용사
恐る	おそる	동사
恐れ	おそれ	명사
恐れ入ります	おそれいります	표현
恐れ入りますが	おそれいりますが	표현
恐れ入る	おそれいる	동사
恐慌	きょうこう	명사
恐竜	きょうりゅう	명사
恒久	こうきゅう	명사
恒例	こうれい	명사
恒常	こうじょう	명사
恣意	しい	명사
恥	はじ	명사
恥じらう	はじらう	동사
恥じる	はじる	동사
恩赦	おんしゃ	명사
息	いき	명사
息吹き	いぶき	명사
息抜き	いきぬき	명사
息苦しい	いきぐるしい	い형용사
恵み	めぐみ	명사
恵む	めぐむ	동사
悍ましい	おぞましい	い형용사
悔いる	くいる	동사
悔しい	くやしい	い형용사
悟る	さとる	동사
悩ましい	なやましい	い형용사
悩ます	なやます	동사
悩み	なやみ	명사
悪	あく	명사
悪い	わるい	い형용사
悪どい	あくどい	い형용사
悪党	あくとう	명사
悪化	あっか	명사
悪天候	あくてんこう	명사
悪影響	あくえいきょう	명사
悪意	あくい	명사
悪日	あくにち	명사
悪者	わるもの	명사
悪辣	あくらつ	な형용사
悲しい	かなしい	い형용사
悲しみ	かなしみ	명사
悲惨	ひさん	な형용사
悲観	ひかん	명사
悲願	ひがん	명사
悲鳴	ひめい	명사
悼む	いたむ	동사
情けない	なさけない	い형용사
情け深い	なさけぶかい	い형용사
情勢	じょうせい	명사
情報処理	じょうほうしょり	명사
情熱	じょうねつ	명사
情緒	じょうちょ	명사
惑わす	まどわす	동사
惑星	わくせい	명사
惜しくも	おしくも	부사
惜しむ	おしむ	동사
想定	そうてい	명사
想念	そうねん	명사
惹く	ひく	동사
愈々	いよいよ	부사
意向	いこう	명사
意味	いみ	명사
意味付ける	いみづける	동사
意味合い	いみあい	명사
意味深長	いみしんちょう	な형용사
意図	いと	명사
意図的	いとてき	な형용사
意地	いじ	명사
意外	いがい	な형용사
意志	いし	명사
意思	いし	명사
意欲	いよく	명사
意気	いき	명사
意気込み	いきごみ	명사
意気込む	いきごむ	동사
意義	いぎ	명사
意見	いけん	명사
意識	いしき	명사
愕然	がくぜん	부사
愚か	おろか	な형용사
愚痴	ぐち	명사
愚直	ぐちょく	명사
愚鈍	ぐどん	な형용사
愛	あい	명사
愛しい	いとしい	い형용사
愛す	あいす	동사
愛する	あいする	동사
愛でる	めでる	동사
愛想	あいそ	명사
愛憎	あいぞう	명사
愛着	あいちゃく	명사
愛読	あいどく	명사
愛顧	あいこ	명사
感じる	かんじる	동사
感じ取る	かんじとる	동사
感動	かんどう	명사
感度	かんど	명사
感性	かんせい	명사
感想	かんそう	명사
感慨	かんがい	명사
感染	かんせん	명사
感無量	かんむりょう	명사
感知	かんち	명사
感覚	かんかく	명사
感触	かんしょく	명사
感銘	かんめい	명사
態々	わざわざ	부사
態と	わざと	부사
態勢	たいせい	명사
態度	たいど	명사
慌ただしい	あわただしい	い형용사
慎む	つつしむ	동사
慕う	したう	동사
慣らす	ならす	동사
慣れ	なれ	명사
慣れ親しむ	なれしたしむ	동사
慣例	かんれい	명사
慣用	かんよう	명사
慣習	かんしゅう	명사
慣行	かんこう	명사
慮る	おもんぱかる	동사
慶び	よろこび	명사
憂鬱	ゆううつ	명사
憎しみ	にくしみ	명사
憚る	はばかる	동사
憤る	いきどおる	동사
憧れ	あこがれ	명사
懐く	なつく	동사
懐疑	かいぎ	명사
懲りる	こりる	동사
懲役	ちょうえき	명사
懲戒	ちょうかい	명사
懸ける	かける	동사
懸命	けんめい	な형용사
懸念	けねん	명사
懸案	けんあん	명사
懸賞	けんしょう	명사
成し得る	なしうる	표현
成し遂げる	なしとげる	동사
成り上がる	なりあがる	동사
成り下がる	なりさがる	동사
成り済ます	なりすます	동사
成り立つ	なりたつ	동사
成り行き	なりゆき	명사
成るべく	なるべく	부사
成る丈	なるたけ	부사
成人	せいじん	명사
成否	せいひ	명사
成年	せいねん	명사
成形	せいけい	명사
成果	せいか	명사
成熟	せいじゅく	명사
我田引水	がでんいんすい	명사
戒める	いましめる	동사
戦	いくさ	명사
戦い	たたかい	명사
戦ぐ	そよぐ	동사
戦力	せんりょく	명사
戦災	せんさい	명사
戦略	せんりゃく	명사
戦闘	せんとう	명사
戯れる	たわむれる	동사
戯曲	ぎきょく	명사
戸	こ	기타
戸惑い	とまどい	명사
戸籍	こせき	명사
戻る	もどる	동사
所在	しょざい	명사
所属	しょぞく	명사
所得	しょとく	명사
所持	しょじ	명사
所蔵	しょぞう	명사
所要	しょよう	명사
所見	しょけん	명사
扇動	せんどう	명사
扉	とびら	명사
手	て	명사
手がかり	てがかり	명사
手がける	てがける	동사
手こずる	てこずる	동사
手に余る	てにあまる	표현
手に負えない	てにおえない	표현
手のひら	てのひら	명사
手はず	てはず	명사
手を尽くす	てをつくす	표현
手を打つ	てをうつ	표현
手を抜く	てをぬく	표현
手を焼く	てをやく	표현
手を組む	てをくむ	표현
手中	しゅちゅう	명사
手伝う	てつだう	동사
手作り	てづくり	명사
手元	てもと	부사
手先	てさき	명사
手分け	てわけ	명사
手助け	てだすけ	명사
手厚い	てあつい	い형용사
手回し	てまわし	명사
手引き	てびき	명사
手当	てあて	명사
手探り	てさぐり	명사
手数	てすう	명사
手書	てがき	명사
手書き	てがき	명사
手本	てほん	명사
手法	しゅほう	명사
手渡す	てわたす	동사
手痛い	ていたい	い형용사
手筈	てはず	명사
手紙	てがみ	명사
手腕	しゅわん	명사
手芸	しゅげい	명사
手袋	てぶくろ	명사
手足	てあし	명사
手軽	てがる	な형용사
手近	てぢか	な형용사
手遅れ	ておくれ	명사
手配	てはい	명사
手錠	てじょう	명사
手間	てま	명사
手間取る	てまどる	동사
手際	てぎわ	명사
手頃	てごろ	な형용사
手順	てじゅん	명사
才覚	さいかく	명사
打	ダース	명사
打ち上げる	うちあげる	동사
打ち出す	うちだす	동사
打ち切る	うちきる	동사
打ち合わせる	うちあわせる	동사
打ち明ける	うちあける	동사
打ち消し	うちけし	명사
打ち砕く	うちくだく	동사
打ち破る	うちやぶる	동사
打ち解ける	うちとける	동사
打ち込む	うちこむ	동사
打ってつけ	うってつけ	な형용사
打撃	だげき	명사
打開	だかい	명사
払う	はらう	동사
払拭	ふっしょく	명사
扱い	あつかい	명사
扶助	ふじょ	명사
扶養	ふよう	명사
批准	ひじゅん	명사
承る	うけたまわる	동사
承諾	しょうだく	명사
技	わざ	명사
技能	ぎのう	명사
技量	ぎりょう	명사
抄	しょう	명사
把握	はあく	명사
抑制	よくせい	명사
抑圧	よくあつ	명사
抑揚	よくよう	명사
抓る	つねる	동사
投げかける	なげかける	동사
投げ出す	なげだす	동사
投影	とうえい	명사
投手	とうしゅ	명사
投機	とうき	명사
投球	とうきゅう	명사
投資	とうし	명사
抗争	こうそう	명사
抗議	こうぎ	명사
折々	おりおり	부사
折に触れて	おりにふれて	표현
折りたたむ	おりたたむ	동사
折り合う	おりあう	동사
折り紙を付ける	おりがみをつける	표현
折り返す	おりかえす	동사
折衝	せっしょう	명사
折衷	せっちゅう	명사
折角	せっかく	부사
抜かす	ぬかす	동사
抜き	ぬき	명사
抜き出す	ぬきだす	동사
抜け出す	ぬけだす	동사
抜群	ばつぐん	な형용사
抱きしめる	だきしめる	동사
抱く	だく	동사
抱負	ほうふ	명사
抵触	ていしょく	명사
押しつける	おしつける	동사
押しつぶす	おしつぶす	동사
押し付ける	おしつける	동사
押し切る	おしきる	동사
押し寄せる	おしよせる	동사
押し流す	おしながす	동사
押し込む	おしこむ	동사
押し通す	おしとおす	동사
押し進める	おしすすめる	동사
押す	おす	동사
押収	おうしゅう	명사
抽出	ちゅうしゅつ	명사
抽象	ちゅうしょう	명사
抽象化	ちゅうしょうか	명사
抽選	ちゅうせん	명사
担う	になう	동사
拍手喝采	はくしゅかっさい	명사
拍車	はくしゃ	명사
拍車がかかる	はくしゃがかかる	표현
拍車をかける	はくしゃをかける	표현
拒否	きょひ	명사
拒絶	きょぜつ	명사
拗れる	こじれる	동사
拘る	こだわる	동사
招き	まねき	명사
拝借	はいしゃく	명사
拝啓	はいけい	명사
拠点	きょてん	명사
拡散	かくさん	명사
括る	くくる	동사
拭き取る	ふきとる	동사
拮抗	きっこう	명사
拾う	ひろう	동사
持ち	もち	명사
持ちきり	もちきり	명사
持ち上げる	もちあげる	동사
持ち主	もちぬし	명사
持ち堪える	もちこたえる	동사
持ち寄る	もちよる	동사
持ち替える	もちかえる	동사
持ち歩く	もちあるく	동사
持ち物	もちもの	명사
持ち込む	もちこむ	동사
持ち運ぶ	もちはこぶ	동사
持つ	もつ	동사
持てる	もてる	동사
持て成す	もてなす	동사
持続	じぞく	명사
持続性	じぞくせい	명사
指	ゆび	명사
指向	しこう	명사
指図	さしず	명사
指差す	ゆびさす	동사
指揮	しき	명사
指揮棒	しきぼう	명사
指摘	してき	명사
指標	しひょう	명사
指示	しじ	명사
指針	ししん	명사
挑む	いどむ	동사
挑戦	ちょうせん	명사
挙げる	あげる	동사
挫ける	くじける	동사
挫折	ざせつ	명사
振り	ふり	명사
振り向く	ふりむく	동사
振り向ける	ふりむける	동사
振り回す	ふりまわす	동사
振り替える	ふりかえる	동사
振り返る	ふりかえる	동사
振る舞い	ふるまい	명사
振る舞う	ふるまう	동사
振動	しんどう	명사
振替	ふりかえ	명사
振興	しんこう	명사
挿入	そうにゅう	명사
捕れる	とれる	동사
捕吏	ほり	명사
捕獲	ほかく	명사
捕虜	ほりょ	명사
捕食	ほしょく	명사
捕鯨	ほげい	명사
捗る	はかどる	동사
捜査	そうさ	명사
捧げる	ささげる	동사
捨て去る	すてさる	동사
捨象	しゃしょう	명사
捩れる	ねじれる	동사
据える	すえる	동사
据え付ける	すえつける	동사
据え置き	すえおき	명사
捲る	まくる	동사
掃除	そうじ	명사
授ける	さずける	동사
排出	はいしゅつ	명사
排卵	はいらん	명사
排斥	はいせき	명사
排水	はいすい	명사
排除	はいじょ	명사
掘り下げる	ほりさげる	동사
掛け	かけ	명사
掛ける	かける	동사
掛け合う	かけあう	동사
掛け声	かけごえ	명사
掟	おきて	명사
掠る	かする	동사
採れる	とれる	동사
採択	さいたく	명사
採掘	さいくつ	명사
採用	さいよう	명사
採算	さいさん	명사
採集	さいしゅう	명사
探し出す	さがしだす	동사
探す	さがす	동사
探検	たんけん	명사
探求	たんきゅう	명사
探知	たんち	명사
探究	たんきゅう	명사
探索	たんさく	명사
接ぐ	つぐ	동사
接客	せっきゃく	명사
接点	せってん	명사
接続詞	せつぞくし	명사
接触	せっしょく	명사
控え	ひかえ	명사
控える	ひかえる	동사
控え室	ひかえしつ	명사
控訴	こうそ	명사
控除	こうじょ	명사
推し	おし	명사
推し進める	おしすすめる	동사
推察	すいさつ	명사
推測	すいそく	명사
推理	すいり	명사
推移	すいい	명사
推計	すいけい	명사
推論	すいろん	명사
推進	すいしん	명사
措置	そち	명사
掬う	すくう	동사
掲げる	かかげる	동사
掲載	けいさい	명사
掻き乱す	かきみだす	동사
掻き消す	かききえす	동사
掻き立てる	かきたてる	동사
掻き集める	かきあつめる	동사
揃い	そろい	명사
揉める	もめる	동사
描く	えがく	동사
描写	びょうしゃ	명사
提供	ていきょう	명사
提携	ていけい	명사
提示	ていじ	명사
揚げ足	あげあし	명사
換え	かえ	명사
換える	かえる	동사
換算	かんさん	명사
握る	にぎる	동사
揶揄	やゆ	명사
揺さぶる	ゆさぶる	동사
揺らぐ	ゆらぐ	동사
揺るぎない	ゆるぎない	い형용사
揺れる	ゆれる	동사
損なう	そこなう	동사
損ねる	そこねる	동사
損失	そんしつ	명사
携える	たずさえる	동사
携わる	たずさわる	동사
携帯	けいたい	명사
摂る	とる	동사
摂取	せっしゅ	명사
摘む	つまむ	동사
撤去	てっきょ	명사
撤回	てっかい	명사
撤退	てったい	명사
撮る	とる	동사
撮れる	とれる	동사
擁護	ようご	명사
操る	あやつる	동사
操縦	そうじゅう	명사
擦り切れる	すりきれる	동사
擦れる	すれる	동사
擽ったい	くすぐったい	い형용사
支え	ささえ	명사
支払	しはらい	명사
支持	しじ	명사
支援	しえん	명사
支社	ししゃ	명사
支配	しはい	명사
支障	ししょう	명사
改まる	あらたまる	동사
改修	かいしゅう	명사
改変	かいへん	명사
改定	かいてい	명사
改悪	かいあく	명사
改良	かいりょう	명사
改装	かいそう	명사
改訂	かいてい	명사
改革	かいかく	명사
攻め	せめ	명사
放つ	はなつ	동사
放り出す	ほうりだす	동사
放り込む	ほうりこむ	동사
放出	ほうしゅつ	명사
放射能	ほうしゃのう	명사
放棄	ほうき	명사
放置	ほうち	명사
政権交代	せいけんこうたい	명사
政界	せいかい	명사
政策	せいさく	명사
故	こ	기타
故人	こじん	명사
故意	こい	명사
敏感	びんかん	な형용사
敏捷	びんしょう	な형용사
救い	すくい	명사
救命	きゅうめい	명사
救援	きゅうえん	명사
敗北	はいぼく	명사
敗訴	はいそ	명사
敗退	はいたい	명사
教え	おしえ	명사
教える	おしえる	동사
教員	きょういん	명사
教科	きょうか	명사
教習	きょうしゅう	명사
教職	きょうしょく	명사
教訓	きょうくん	명사
敢えて	あえて	부사
散策	さんさく	명사
敬う	うやまう	동사
敬具	けいぐ	명사
敬意	けいい	명사
敬愛	けいあい	명사
敬遠	けいえん	명사
数々	かずかず	명사
数え上げる	かぞえあげる	동사
数値	すうち	명사
数多い	かずおおい	い형용사
数学	すうがく	명사
数詞	すうし	명사
数量	すうりょう	명사
整える	ととのえる	동사
整列	せいれつ	명사
整然	せいぜん	부사
敵	かたき	명사
敵意	てきい	명사
敷居	しきい	명사
文	ふみ	명사
文具	ぶんぐ	명사
文化財	ぶんかざい	명사
文学	ぶんがく	명사
文学部	ぶんがくぶ	명사
文庫本	ぶんこぼん	명사
文書	ぶんしょ	명사
文章	ぶんしょう	명사
文筆	ぶんぴつ	명사
文脈	ぶんみゃく	명사
文語	ぶんご	명사
斑	ぶち	명사
料	りょう	명사
斜面	しゃめん	명사
斬新	ざんしん	な형용사
断じて	だんじて	부사
断つ	たつ	동사
断固	だんこ	부사
断然	だんぜん	부사
断絶	だんぜつ	명사
断言	だんげん	명사
断面	だんめん	명사
新	しん	기타
新しい	あたらしい	い형용사
新人	しんじん	명사
新作	しんさく	명사
新入	しんにゅう	명사
新入生	しんにゅうせい	명사
新刊	しんかん	명사
新品	しんぴん	명사
新奇	しんき	な형용사
新婚	しんこん	명사
新年	しんねん	명사
新潮社	しんちょうしゃ	명사
新築	しんちく	명사
新緑	しんりょく	명사
新聞	しんぶん	명사
新聞紙	しんぶんし	명사
新薬	しんやく	명사
新規	しんき	な형용사
新設	しんせつ	명사
方	ほう	명사
方式	ほうしき	명사
方略	ほうりゃく	명사
方策	ほうさく	명사
於いて	おいて	표현
施す	ほどこす	동사
施策	しさく	명사
施行	しこう	명사
施行令	しこうれい	명사
施錠	せじょう	명사
旅券	りょけん	명사
旅客	りょかく	명사
既婚	きこん	명사
既存	きそん	명사
日	ひ	명사
日ごろ	ひごろ	부사
日に日に	ひにひに	부사
日の丸	ひのまる	명사
日取り	ひどり	명사
日向	ひなた	명사
日夜	にちや	부사
日当	にっとう	명사
日曜日	にちようび	명사
日本人	にほんじん	명사
日本語	にほんご	명사
日没	にちぼつ	명사
日焼け	ひやけ	명사
日記	にっき	명사
日進月歩	にっしんげっぽ	명사
日頃	ひごろ	부사
旦那	だんな	명사
旧事	きゅうじ	명사
旧来	きゅうらい	명사
旧知	きゅうち	명사
旧石器時代	きゅうせっきじだい	명사
早い	はやい	い형용사
早まる	はやまる	동사
早め	はやめ	な형용사
早める	はやめる	동사
早急	そうきゅう	な형용사
旺盛	おうせい	な형용사
昂る	たかぶる	동사
昆虫	こんちゅう	명사
昇格	しょうかく	명사
昇華	しょうか	명사
昇進	しょうしん	명사
明かす	あかす	동사
明く	あく	동사
明るい	あかるい	い형용사
明るみ	あかるみ	명사
明快	めいかい	な형용사
明文化	めいぶんか	명사
明日	あした	명사
明朗	めいろう	な형용사
明朗快活	めいろうかいかつ	명사
明治	めいじ	명사
明白	あからさま	な형용사
明瞭	めいりょう	な형용사
明確	めいかく	な형용사
易い	やすい	い형용사
昔	むかし	명사
昔ながら	むかしながら	부사
星	ほし	명사
星座	せいざ	명사
星空	ほしぞら	명사
映える	はえる	동사
映像	えいぞう	명사
映写	えいしゃ	명사
映画	えいが	명사
昨年	さくねん	명사
昨年来	さくねんらい	명사
昨日	きのう	명사
昭和	しょうわ	명사
是々非々	ぜぜひひ	명사
是正	ぜせい	명사
是正措置	ぜせいそち	명사
是認	ぜにん	명사
是非	ぜひ	부사
是非曲直	ぜひきょくちょく	명사
昼夜	ちゅうや	명사
昼間	ひるま	명사
昼飯	ひるめし	명사
時	とき	명사
時々	ときどき	부사
時として	ときとして	부사
時に	ときに	기타
時には	ときには	표현
時刻表	じこくひょう	명사
時差	じさ	명사
時折	ときおり	부사
時機	じき	명사
時点	じてん	명사
時給	じきゅう	명사
時計	とけい	명사
時間	じかん	명사
普及	ふきゅう	명사
普通	ふつう	な형용사
普遍	ふへん	명사
普遍性	ふへんせい	명사
普遍的	ふへんてき	な형용사
景気	けいき	명사
晴れる	はれる	동사
晴天	せいてん	명사
暁	あかつき	명사
暇	ひま	명사
暑い	あつい	い형용사
暖める	あたためる	동사
暗い	くらい	い형용사
暗喩	あんゆ	명사
暗殺	あんさつ	명사
暗礁	あんしょう	명사
暗示	あんじ	명사
暗算	あんざん	명사
暗黙	あんもく	명사
暦	こよみ	명사
暫く	しばらく	부사
暫定	ざんてい	명사
暴力	ぼうりょく	명사
暴動	ぼうどう	명사
暴走	ぼうそう	명사
暴風	ぼうふう	명사
曖昧	あいまい	な형용사
曝す	さらす	동사
曲	きょく	명사
曲がる	まがる	동사
書きかた	かきかた	명사
書き上げる	かきあげる	동사
書き取る	かきとる	동사
書き手	かきて	명사
書き換える	かきかえる	동사
書き残す	かきのこす	동사
書き留める	かきとめる	동사
書き込む	かきこむ	동사
書く	かく	동사
書物	しょもつ	명사
書見	しょけん	명사
書評	しょひょう	명사
書面	しょめん	명사
最低限	さいていげん	명사
最先端	さいせんたん	명사
最初	さいしょ	명사
最古	さいこ	명사
最善	さいぜん	명사
最大	さいだい	명사
最大限	さいだいげん	명사
最寄り	もより	명사
最小限	さいしょうげん	명사
最強	さいきょう	명사
最後	さいご	명사
最悪	さいあく	な형용사
最新	さいしん	명사
最早	もはや	부사
最良	さいりょう	な형용사
最近	さいきん	명사
最高	さいこう	な형용사
月	つき	명사
月並み	つきなみ	명사
月日	がっぴ	명사
月曜日	げつようび	명사
月謝	げっしゃ	명사
月賦	げっぷ	명사
有する	ゆうする	동사
有りのまま	ありのまま	부사
有力	ゆうりょく	な형용사
有名	ゆうめい	な형용사
有名人	ゆうめいじん	명사
有害	ゆうがい	な형용사
有毒	ゆうどく	な형용사
有用	ゆうよう	な형용사
有益	ゆうえき	な형용사
有限	ゆうげん	な형용사
朗読	ろうどく	명사
望ましい	のぞましい	い형용사
朝	あさ	명사
朝寝坊	あさねぼう	명사
朝日	あさひ	명사
期	き	명사
期日	きじつ	명사
期末	きまつ	명사
木々	きぎ	명사
木の実	きのみ	명사
木目	もくめ	명사
木綿	もめん	명사
木陰	こかげ	명사
未	ひつじ	명사
未だ	いまだ	부사
未だに	いまだに	부사
未定	みてい	な형용사
未来	みらい	명사
未然	みぜん	명사
未熟	みじゅく	な형용사
未知	みち	명사
未納	みのう	명사
未練	みれん	명사
未練がましい	みれんがましい	い형용사
未開	みかい	명사
末	うら	명사
末日	まつじつ	명사
末期	まっき	명사
本体	ほんたい	명사
本名	ほんみょう	명사
本場	ほんば	명사
本屋	ほんや	명사
本年	ほんねん	명사
本当	ほんとう	명사
本当に	ほんとうに	부사
本性	ほんしょう	명사
本意	ほんい	명사
本日	ほんじつ	명사
本末転倒	ほんまつてんとう	명사
本来	ほんらい	부사
本格	ほんかく	명사
本気	ほんき	명사
本田	ほんだ	명사
本番	ほんばん	명사
本社	ほんしゃ	명사
本筋	ほんすじ	명사
本義	ほんぎ	명사
本能	ほんのう	명사
本質	ほんしつ	명사
本質的	ほんしつてき	な형용사
本音	ほんね	명사
本題	ほんだい	명사
本館	ほんかん	명사
札付き	ふだつき	명사
机	つくえ	명사
朽ちる	くちる	동사
材質	ざいしつ	명사
村長	そんちょう	명사
杖	つえ	명사
束縛	そくばく	명사
条約	じょうやく	명사
条項	じょうこう	명사
来し方	こしかた	명사
来場	らいじょう	명사
来客	らいきゃく	명사
来年	らいねん	명사
来年度	らいねんど	명사
来店	らいてん	명사
来月	らいげつ	명사
来週	らいしゅう	명사
杯	さかずき	명사
東	あずま	명사
東京	とうきょう	명사
東屋	あずまや	명사
東山	ひがしやま	명사
東風	こち	명사
林業	りんぎょう	명사
枚	まい	기타
枚挙にいとまがない	まいきょにいとまがない	표현
果たして	はたして	부사
果たす	はたす	동사
果て	はて	명사
果てる	はてる	동사
果敢	かかん	な형용사
枝	えだ	명사
枠	わく	명사
枠にはまる	わくにはまる	표현
枠組み	わくぐみ	명사
枯渇	こかつ	명사
染まる	そまる	동사
染みつく	しみつく	동사
染みる	しみる	동사
染み付く	しみつく	동사
染み渡る	しみわたる	동사
染み込む	しみこむ	동사
染める	そめる	동사
柔らか	やわらか	な형용사
柔和	にゅうわ	な형용사
柔軟	じゅうなん	な형용사
柔道	じゅうどう	명사
柱	はしら	명사
柵	さく	명사
柿	かき	명사
栄える	さかえる	동사
栄冠	えいかん	명사
栄養分	えいようぶん	명사
校	こう	기타
校閲	こうえつ	명사
株主	かぶぬし	명사
株式	かぶしき	명사
株式会社	かぶしきがいしゃ	명사
核	かく	명사
核心	かくしん	명사
根こそぎ	ねこそぎ	명사
根ざす	ねざす	동사
根を下ろす	ねをおろす	표현
根差す	ねざす	동사
根底	こんてい	명사
根拠	こんきょ	명사
根本	こんぽん	명사
根気	こんき	명사
根源	こんげん	명사
根絶	こんぜつ	명사
格	かく	명사
格差	かくさ	명사
格差社会	かくさしゃかい	명사
栽培	さいばい	명사
案じる	あんじる	동사
案の定	あんのじょう	부사
案件	あんけん	명사
案外	あんがい	부사
桐	きり	명사
桜	さくら	명사
桟橋	さんばし	명사
桶	おけ	명사
梅干し	うめぼし	명사
梢	こずえ	명사
梨	なし	명사
梱包	こんぽう	명사
棄てる	すてる	동사
棄却	ききゃく	명사
棄権	きけん	명사
棋士	きし	명사
棘	とげ	명사
棚から牡丹餅	たなからぼたもち	표현
棚に上げる	たなにあげる	표현
棚上げ	たなあげ	명사
棟	とう	명사
植わる	うわる	동사
植民地	しょくみんち	명사
植生	しょくせい	명사
検事	けんじ	명사
検知	けんち	명사
検証	けんしょう	명사
検閲	けんえつ	명사
楓	かえで	명사
業	ごう	명사
業務	ぎょうむ	명사
業界	ぎょうかい	명사
業種	ぎょうしゅ	명사
業績	ぎょうせき	명사
業者	ぎょうしゃ	명사
極まりない	きわまりない	기타
極めて	きわめて	부사
極力	きょくりょく	부사
極度	きょくど	な형용사
極楽	ごくらく	명사
極端	きょくたん	명사
楽しい	たのしい	い형용사
楽しみ	たのしみ	명사
楽しむ	たのしむ	동사
楽観	らっかん	명사
楽譜	がくふ	명사
概ね	おおむね	부사
概念	がいねん	명사
概念化	がいねんか	명사
概略	がいりゃく	명사
概要	がいよう	명사
概観	がいかん	명사
概説	がいせつ	명사
構え	かまえ	명사
構える	かまえる	동사
構内	こうない	명사
構図	こうず	명사
構想	こうそう	명사
構造	こうぞう	명사
様	さま	기타
様子	ようす	명사
様式	ようしき	명사
様態	ようたい	명사
様相	ようそう	명사
標語	ひょうご	명사
標高	ひょうこう	명사
模倣	もほう	명사
模型	もけい	명사
模範	もはん	명사
模索	もさく	명사
権	けん	명사
権利	けんり	명사
権力	けんりょく	명사
権威	けんい	명사
権限	けんげん	명사
横ばい	よこばい	명사
横柄	おうへい	な형용사
横着	おうちゃく	명사
横綱	よこづな	명사
樹木	じゅもく	명사
樹立	じゅりつ	명사
橋渡し	はしわたし	명사
機	はた	명사
機会	きかい	명사
機体	きたい	명사
機器	きき	명사
機敏	きびん	な형용사
機材	きざい	명사
機構	きこう	명사
機種	きしゅ	명사
機能	きのう	명사
機運	きうん	명사
檻	おり	명사
欠く	かく	동사
欠乏	けつぼう	명사
欠片	かけら	명사
次	じ	기타
次いで	ついで	부사
次に	つぎに	기타
次世代	じせだい	명사
次元	じげん	명사
次回	じかい	명사
欧州	おうしゅう	명사
欲しい	ほしい	い형용사
欲張る	よくばる	동사
欲求	よっきゅう	명사
欲深い	よくぶかい	い형용사
欺く	あざむく	동사
歌	うた	명사
歌う	うたう	동사
歌舞伎	かぶき	명사
歓声	かんせい	명사
止まる	とまる	동사
止め	とめ	명사
正しい	ただしい	い형용사
正しく	まさしく	부사
正す	ただす	동사
正南	まさみ	명사
正常	せいじょう	な형용사
正当	せいとう	な형용사
正当性	せいとうせい	명사
正統	せいとう	な형용사
正義	せいぎ	명사
正規	せいき	な형용사
正解	せいかい	명사
正論	せいろん	명사
此れ	これ	명사
武力	ぶりょく	명사
武家	ぶけ	명사
武術	ぶじゅつ	명사
武装	ぶそう	명사
歩	ふ	명사
歩き回る	あるきまわる	동사
歩く	あるく	동사
歩み	あゆみ	명사
歩む	あゆむ	동사
歩調を合わせる	ほちょうをあわせる	표현
歪む	ゆがむ	동사
歪める	ゆがめる	동사
歯がゆい	はがゆい	い형용사
歯が立たない	はがたたない	표현
歯を食いしばる	はをくいしばる	표현
歯ブラシ	はブラシ	명사
歯切れが悪い	はぎれがわるい	표현
歯医者	はいしゃ	명사
歯止め	はどめ	명사
歯止めをかける	はどめをかける	표현
歯科	しか	명사
歯車が噛み合う	はぐるまがかみあう	표현
歯車が狂う	はぐるまがくるう	표현
歯軋り	はぎしり	명사
歳入	さいにゅう	명사
歳出	さいしゅつ	명사
歴史	れきし	명사
歴年	れきねん	명사
死	し	명사
死ぬ	しぬ	동사
死刑	しけい	명사
死守	ししゅ	명사
死後	しご	명사
死語	しご	명사
殆ど	ほとんど	부사
殊に	ことに	부사
残る	のこる	동사
残忍	ざんにん	な형용사
残念	ざんねん	な형용사
残虐	ざんぎゃく	な형용사
残酷	ざんこく	な형용사
残金	ざんきん	명사
残高	ざんだか	명사
段々	だんだん	부사
段差	だんさ	명사
段階	だんかい	명사
殺人	さつじん	명사
殺到	さっとう	명사
殺菌	さっきん	명사
殿	しんがり	명사
毅然	きぜん	부사
母国	ぼこく	명사
母校	ぼこう	명사
毎	ごと	명사
毎回	まいかい	명사
毎年	まいとし	부사
毎日	まいにち	명사
毎月	まいつき	부사
毎週	まいしゅう	명사
毒々しい	どくどくしい	い형용사
毒性	どくせい	명사
比べる	くらべる	동사
比例	ひれい	명사
比喩	ひゆ	명사
比率	ひりつ	명사
比重	ひじゅう	명사
毟る	むしる	동사
氏	うじ	명사
民主	みんしゅ	명사
民俗	みんぞく	명사
民営化	みんえいか	명사
民宿	みんしゅく	명사
民族	みんぞく	명사
気がつく	きがつく	표현
気が利く	きがきく	표현
気が引ける	きがひける	표현
気が気でない	きがきでない	표현
気が滅入る	きがめいる	표현
気が置けない	きがおけない	표현
気が遠くなる	きがとおくなる	표현
気だるい	けだるい	い형용사
気づく	きづく	동사
気に留める	きにとめる	표현
気まぐれ	きまぐれ	명사
気まずい	きまずい	い형용사
気まま	きまま	な형용사
気を取り直す	きをとりなおす	표현
気を揉む	きをもむ	표현
気を許す	きをゆるす	표현
気乗りしない	きのりしない	い형용사
気付く	きづく	동사
気兼ね	きがね	명사
気分	きぶん	명사
気力	きりょく	명사
気品	きひん	명사
気持	きもち	명사
気持ち	きもち	명사
気楽	きらく	な형용사
気概	きがい	명사
気流	きりゅう	명사
気短	きみじか	な형용사
気立て	きだて	명사
気触れる	かぶれる	동사
気象	きしょう	명사
気質	きしつ	명사
気軽	きがる	な형용사
気運	きうん	명사
気長	きなが	な형용사
気障	きざ	な형용사
気風	きふう	명사
水たまり	みずたまり	명사
水に流す	みずにながす	표현
水を差す	みずをさす	표현
水中	すいちゅう	명사
水平	すいへい	な형용사
水曜日	すいようび	명사
水気	みずけ	명사
水泳	すいえい	명사
水洗	すいせん	명사
水源	すいげん	명사
水準	すいじゅん	명사
水田	すいでん	명사
水着	みずぎ	명사
水臭い	みずくさい	い형용사
水質	すいしつ	명사
水辺	みずべ	명사
氷山	ひょうざん	명사
永遠	えいえん	명사
氾濫	はんらん	명사
汚らわしい	けがらわしい	い형용사
汚れ	けがれ	명사
汚れる	けがれる	동사
汚染	おせん	명사
汚職	おしょく	명사
江戸	えど	명사
決して	けっして	부사
決まる	きまる	동사
決めつける	きめつける	동사
決める	きめる	동사
決め手	きめて	명사
決勝	けっしょう	명사
決定的	けっていてき	な형용사
決意	けつい	명사
決断	けつだん	명사
決済	けっさい	명사
決算	けっさん	명사
決行	けっこう	명사
決議	けつぎ	명사
汽船	きせん	명사
汽車	きしゃ	명사
沈む	しずむ	동사
沈下	ちんか	명사
沈殿	ちんでん	명사
沈没	ちんぼつ	명사
沈黙	ちんもく	명사
没入	ぼつにゅう	명사
没収	ぼっしゅう	명사
没落	ぼつらく	명사
没頭	ぼっとう	명사
沢山	たくさん	な형용사
河原	かわら	명사
河川	かせん	명사
沸き上がる	わきあがる	동사
沸き立つ	わきたつ	동사
沸騰	ふっとう	명사
油を売る	あぶらをうる	표현
油絵	あぶらえ	명사
治す	なおす	동사
治まる	おさまる	동사
治る	なおる	동사
治外法権	ちがいほうけん	명사
治安	ちあん	명사
治療	ちりょう	명사
治癒	ちゆ	명사
沼	ぬま	명사
沽券	こけん	명사
沿い	ぞい	기타
沿う	そう	동사
沿岸	えんがん	명사
沿線	えんせん	명사
況して	まして	표현
泊	はく	기타
泊まる	とまる	동사
法人	ほうじん	명사
法則	ほうそく	명사
法学	ほうがく	명사
法廷	ほうてい	명사
法案	ほうあん	명사
波に乗る	なみにのる	표현
波乱万丈	はらんばんじょう	な형용사
波及	はきゅう	명사
波及効果	はきゅうこうか	명사
波紋を呼ぶ	はもんをよぶ	표현
波長	はちょう	명사
波風が立つ	なみかぜがたつ	표현
泣かせる	なかせる	동사
泣く	なく	동사
注ぐ	そそぐ	동사
注入	ちゅうにゅう	명사
注意	ちゅうい	명사
注意深い	ちゅういぶかい	い형용사
注視	ちゅうし	명사
泳ぐ	およぐ	동사
洋服	ようふく	명사
洋灯	ようとう	명사
洋風	ようふう	명사
洒落	しゃらく	な형용사
洒落る	しゃれる	동사
洗浄	せんじょう	명사
洗濯	せんたく	명사
洗面	せんめん	명사
洞察	どうさつ	명사
津波	つなみ	명사
洪水	こうずい	명사
活かす	いかす	동사
活きる	いきる	동사
活き活き	いきいき	부사
活性	かっせい	명사
活発	かっぱつ	な형용사
派	は	명사
派手	はで	な형용사
派生	はせい	명사
派遣	はけん	명사
派閥	はばつ	명사
流	りゅう	기타
流し	ながし	명사
流れ星	ながれぼし	명사
流れ込む	ながれこむ	동사
流出	りゅうしゅつ	명사
流動性	りゅうどうせい	명사
流布	るふ	명사
流暢	りゅうちょう	な형용사
流派	りゅうは	명사
流通	りゅうつう	명사
浄化	じょうか	명사
浅はか	あさはか	な형용사
浅ましい	あさましい	い형용사
浅薄	せんぱく	な형용사
浜	はま	명사
浜辺	はまべ	명사
浪費	ろうひ	명사
浮世絵	うきよえ	명사
浮力	ふりょく	명사
浮気	うわき	명사
浴びせる	あびせる	동사
浴室	よくしつ	명사
海	うみ	명사
海山	うみやま	명사
海峡	かいきょう	명사
海底	かいてい	명사
海抜	かいばつ	명사
海水	かいすい	명사
海沿い	うみぞい	명사
海流	かいりゅう	명사
海老	えび	명사
海路	かいろ	명사
海辺	うみべ	명사
海運	かいうん	명사
浸す	ひたす	동사
浸透	しんとう	명사
消える	きえる	동사
消え去る	きえさる	동사
消し	けし	명사
消す	けす	동사
消去	しょうきょ	명사
消息	しょうそく	명사
涙	なみだ	명사
液	えき	명사
涸れる	かれる	동사
淋しい	さびしい	い형용사
淘汰	とうた	명사
深い	ふかい	い형용사
深み	ふかみ	명사
深める	ふかめる	동사
深刻	しんこく	な형용사
深呼吸	しんこきゅう	명사
深遠	しんえん	な형용사
混じる	まじる	동사
混む	こむ	동사
混入	こんにゅう	명사
混合	こんごう	명사
混同	こんどう	명사
混血	こんけつ	명사
添う	そう	동사
添える	そえる	동사
添加	てんか	명사
清々しい	すがすがしい	い형용사
清い	きよい	い형용사
清らか	きよらか	な형용사
清濁	せいだく	명사
清算	せいさん	명사
清純	せいじゅん	な형용사
済ます	すます	동사
済む	すむ	동사
渋い	しぶい	い형용사
渓流	けいりゅう	명사
渓谷	けいこく	명사
減少	げんしょう	명사
渡し	わたし	명사
渡す	わたす	동사
渡り鳥	わたりどり	명사
渡航	とこう	명사
渦	うず	명사
温かい	あたたかい	い형용사
温かみ	あたたかみ	명사
温厚	おんこう	な형용사
温和	おんわ	な형용사
温故知新	おんこちしん	명사
温暖化	おんだんか	명사
測定	そくてい	명사
渾然一体	こんぜんいったい	표현
湧き上がる	わきあがる	동사
湧き出る	わきでる	동사
湿っぽい	しめっぽい	い형용사
湿地	しっち	명사
満たす	みたす	동사
満場	まんじょう	명사
満月	まんげつ	명사
満開	まんかい	명사
準じる	じゅんじる	동사
準ずる	じゅんずる	동사
準急	じゅんきゅう	명사
溜まり	たまり	명사
溝	こう	명사
溢れる	あふれる	동사
溢れ出る	あふれでる	동사
溶ける	とける	동사
溶液	ようえき	명사
滅びる	ほろびる	동사
滅ぶ	ほろぶ	동사
滅ぼす	ほろぼす	동사
滅亡	めつぼう	명사
滅多	めった	な형용사
滑らか	なめらか	な형용사
滑稽	こっけい	な형용사
滞る	とどこおる	동사
滞納	たいのう	명사
滲み出る	にじみでる	동사
滲む	にじむ	동사
滴	しずく	명사
漁村	ぎょそん	명사
漁民	ぎょみん	명사
漁獲	ぎょかく	명사
漁船	ぎょせん	명사
漂う	ただよう	동사
漏らす	もらす	동사
漏る	もる	동사
漏れる	もれる	동사
演じる	えんじる	동사
演ずる	えんずる	동사
演出	えんしゅつ	명사
演繹	えんえき	명사
漕ぎ着ける	こぎつける	동사
漕ぐ	こぐ	동사
漠然	ばくぜん	부사
漢字	かんじ	명사
漢語	かんご	명사
漫画	まんが	명사
漲る	みなぎる	동사
漸く	ようやく	부사
潔い	いさぎよい	い형용사
潔白	けっぱく	명사
潜る	くぐる	동사
潜伏	せんぷく	명사
潜在	せんざい	명사
潜水	せんすい	명사
潤う	うるおう	동사
潤す	うるおす	동사
潤沢	じゅんたく	な형용사
潮	しお	명사
潮流	ちょうりゅう	명사
澄ます	すます	동사
激励	げきれい	명사
濃密	のうみつ	な형용사
濃度	のうど	명사
濯ぐ	すすぐ	동사
火に油を注ぐ	ひにあぶらをそそぐ	표현
火星	かせい	명사
火曜日	かようび	명사
灰皿	はいざら	명사
災い	わざわい	명사
災害	さいがい	명사
炊飯	すいはん	명사
炒飯	チャーハン	명사
炬燵	こたつ	명사
炭素	たんそ	명사
点在	てんざい	명사
点検	てんけん	명사
点火	てんか	명사
点線	てんせん	명사
為さる	なさる	동사
為す	なす	동사
為替	かわせ	명사
焚き火	たきび	명사
無い	ない	い형용사
無くなる	なくなる	동사
無休	むきゅう	명사
無力	むりょく	명사
無効	むこう	な형용사
無口	むくち	な형용사
無名	むめい	명사
無味	むみ	な형용사
無垢	むく	な형용사
無心	むしん	명사
無念	むねん	명사
無性に	むしょうに	부사
無意味	むいみ	な형용사
無意識	むいしき	명사
無慈悲	むじひ	な형용사
無我夢中	むがむちゅう	명사
無断	むだん	명사
無条件	むじょうけん	명사
無気力	むきりょく	명사
無理やり	むりやり	부사
無用	むよう	な형용사
無知	むち	명사
無礼	ぶれい	명사
無神経	むしんけい	な형용사
無線	むせん	명사
無能	むのう	명사
無自覚	むじかく	な형용사
無色	むしょく	명사
無茶	むちゃ	な형용사
無茶苦茶	むちゃくちゃ	な형용사
無論	むろん	부사
無謀	むぼう	な형용사
無邪気	むじゃき	な형용사
無関係	むかんけい	な형용사
無闇	むやみ	な형용사
無闇に	むやみに	부사
無防備	むぼうび	な형용사
無限	むげん	명사
無難	ぶなん	な형용사
無駄遣い	むだづかい	명사
焦げ臭い	こげくさい	い형용사
焦らす	じらす	동사
焦り	あせり	명사
焦る	あせる	동사
焦点を絞る	しょうてんをしぼる	표현
然し	しかし	기타
然し乍ら	しかしながら	부사
然も	さも	부사
然程	さほど	부사
焼きが回る	やきがまわる	표현
焼きそば	やきそば	명사
焼け石に水	やけいしにみず	표현
焼却	しょうきゃく	명사
焼肉	やきにく	명사
煌々	こうこう	부사
煌びやか	きらびやか	な형용사
煙い	けむい	い형용사
煙る	けむる	동사
煙草	タバコ	명사
照らす	てらす	동사
照り返す	てりかえす	동사
照れる	てれる	동사
照合	しょうごう	명사
照明	しょうめい	명사
煩い	うるさい	い형용사
煩わしい	わずらわしい	い형용사
煩雑	はんざつ	な형용사
煮つめる	につめる	동사
煮詰める	につめる	동사
煮込む	にこむ	동사
煽てる	おだてる	동사
煽り立てる	あおりたてる	동사
熟す	じゅくす	동사
熟慮	じゅくりょ	명사
熟成	じゅくせい	명사
熟知	じゅくち	명사
熟練	じゅくれん	명사
熟練工	じゅくれんこう	명사
熱	ねつ	명사
熱い	あつい	い형용사
熱す	ねっす	동사
熱意	ねつい	명사
熱湯	ねっとう	명사
熱量	ねつりょう	명사
熾烈	しれつ	な형용사
燃料	ねんりょう	명사
燃焼	ねんしょう	명사
爆弾	ばくだん	명사
爆破	ばくは	명사
爬虫類	はちゅうるい	명사
爽快	そうかい	な형용사
片付け	かたづけ	명사
片思い	かたおもい	명사
片手	かたて	명사
片方	かたほう	명사
片耳	かたみみ	명사
版	はん	명사
版画	はんが	명사
牛乳	ぎゅうにゅう	명사
牧師	ぼくし	명사
物	もの	명사
物の怪	もののけ	명사
物体	ぶったい	명사
物品	ぶっぴん	명사
物好き	ものずき	명사
物差し	ものさし	명사
物真似	ものまね	명사
物知り	ものしり	명사
物語	ものがたり	명사
物議	ぶつぎ	명사
物資	ぶっし	명사
物足りない	ものたりない	い형용사
物陰	ものかげ	명사
物音	ものおと	명사
特ダネ	とくダネ	명사
特性	とくせい	명사
特技	とくぎ	명사
特有	とくゆう	な형용사
特権	とっけん	명사
特殊性	とくしゅせい	명사
特派	とくは	명사
特産	とくさん	명사
特設	とくせつ	명사
特許	とっきょ	명사
特集	とくしゅう	명사
犠牲	ぎせい	명사
犯す	おかす	동사
状	じょう	명사
狡猾	こうかつ	な형용사
狩り	かり	명사
狩猟	しゅりょう	명사
独り	ひとり	명사
独創	どくそう	명사
独創性	どくそうせい	명사
独占	どくせん	명사
独特	どくとく	명사
独自	どくじ	な형용사
独自性	どくじせい	명사
独裁	どくさい	명사
狸	たぬき	명사
猛々しい	たけだけしい	い형용사
猛烈	もうれつ	な형용사
猫の手も借りたい	ねこのてもかりたい	표현
猫の額	ねこのひたい	표현
献身	けんしん	명사
猶予	ゆうよ	명사
獣	けもの	명사
獲得	かくとく	명사
獲物	えもの	명사
玄人	くろうと	명사
率いる	ひきいる	동사
率先垂範	そっせんすいはん	명사
率直	そっちょく	な형용사
玉	ぎょく	명사
王国	おうこく	명사
玩具	おもちゃ	명사
班	はん	명사
現像	げんぞう	명사
現地	げんち	명사
現場	げんば	명사
現存	げんそん	명사
現実	げんじつ	명사
現役	げんえき	명사
現職	げんしょく	명사
現象	げんしょう	명사
球根	きゅうこん	명사
球状	きゅうじょう	명사
理屈	りくつ	명사
理屈っぽい	りくつっぽい	い형용사
理念	りねん	명사
理性	りせい	명사
理想像	りそうぞう	명사
理想論	りそうろん	명사
理想郷	りそうきょう	명사
理智	りち	명사
理由	りゆう	명사
理論	りろん	명사
瑞々しい	みずみずしい	い형용사
環境保全	かんきょうほぜん	명사
甕	かめ	명사
甘い	あまい	い형용사
甘える	あまえる	동사
甘み	あまみ	명사
甘口	あまくち	な형용사
甘味	あまみ	명사
甚だしい	はなはだしい	い형용사
甚大	じんだい	な형용사
生	き	명사
生かす	いかす	동사
生きのびる	いきのびる	동사
生きもの	いきもの	명사
生きる	いきる	동사
生き方	いきかた	명사
生き残り	いきのこり	명사
生き残る	いきのこる	동사
生き物	いきもの	명사
生ける	いける	동사
生ぬるい	なまぬるい	い형용사
生まれつき	うまれつき	부사
生まれながら	うまれながら	부사
生まれる	うまれる	동사
生まれ変わる	うまれかわる	동사
生みだす	うみだす	동사
生み出す	うみだす	동사
生む	うむ	동사
生やす	はやす	동사
生動	せいどう	명사
生後	せいご	명사
生息	せいそく	명사
生意気	なまいき	な형용사
生態	せいたい	명사
生態系	せいたいけい	명사
生成	せいせい	명사
生死	せいし	명사
生活	せいかつ	명사
生涯	しょうがい	명사
生理	せいり	명사
生真面目	きまじめ	な형용사
生育	せいいく	명사
生臭い	なまぐさい	い형용사
生計	せいけい	명사
生誕	せいたん	명사
生起	せいき	명사
生身	なまみ	명사
生鮮	せいせん	な형용사
産む	うむ	동사
産休	さんきゅう	명사
産出	さんしゅつ	명사
産卵	さんらん	명사
産婦人科	さんふじんか	명사
産後	さんご	명사
産物	さんぶつ	명사
甥	おい	명사
用件	ようけん	명사
用品	ようひん	명사
用意	ようい	명사
用意周到	よういしゅうとう	な형용사
用法	ようほう	명사
用紙	ようし	명사
用足し	ようたし	명사
田舎	いなか	명사
由々しい	ゆゆしい	い형용사
由来	ゆらい	명사
甲	きのえ	명사
甲斐	かい	명사
申し上げる	もうしあげる	동사
申し付ける	もうしつける	동사
申し入れる	もうしいれる	동사
申し出	もうしで	명사
申し出る	もうしでる	동사
申し分	もうしぶん	명사
申し添える	もうしそえる	동사
申し訳ありません	もうしわけありません	표현
申し訳ございません	もうしわけございません	표현
申し込み	もうしこみ	명사
申す	もうす	동사
申告	しんこく	명사
申込	もうしこみ	명사
男性	だんせい	명사
町並み	まちなみ	명사
町内	ちょうない	명사
画	かく	명사
画一	かくいつ	명사
画像	がぞう	명사
画展	がてん	명사
画期	かっき	명사
画期的	かっきてき	な형용사
画策	かくさく	명사
留まる	とどまる	동사
留める	とどめる	동사
留学生	りゅうがくせい	명사
留意	りゅうい	명사
畜生	ちくしょう	표현
畜産	ちくさん	명사
略奪	りゃくだつ	명사
略語	りゃくご	명사
番	ばん	명사
番人	ばんにん	명사
番号	ばんごう	명사
番目	ばんめ	기타
異動	いどう	명사
異口同音	いくどうおん	명사
異常	いじょう	な형용사
異性	いせい	명사
異様	いよう	な형용사
異見	いけん	명사
異論	いろん	명사
異議	いぎ	명사
畳	じょう	기타
畳み込む	たたみこむ	동사
疎か	おろそか	な형용사
疑い	うたがい	명사
疑る	うたぐる	동사
疑わしい	うたがわしい	い형용사
疑惑	ぎわく	명사
疚しい	やましい	い형용사
疲れる	つかれる	동사
疲労	ひろう	명사
病	やまい	명사
病室	びょうしつ	명사
病気	びょうき	명사
病院	びょういん	명사
症	しょう	기타
痙攣	けいれん	명사
痛い	いたい	い형용사
痛む	いたむ	동사
痛める	いためる	동사
痛切	つうせつ	な형용사
痛快	つうかい	な형용사
痛感	つうかん	명사
痛烈	つうれつ	な형용사
癌	がん	명사
癒す	いやす	동사
発	はつ	명사
発する	はっする	동사
発作	ほっさ	명사
発信	はっしん	명사
発効	はっこう	명사
発売	はつばい	명사
発射	はっしゃ	명사
発展	はってん	명사
発想	はっそう	명사
発掘	はっくつ	명사
発散	はっさん	명사
発現	はつげん	명사
発生	はっせい	명사
発病	はつびょう	명사
発端	ほったん	명사
発育	はついく	명사
発芽	はつが	명사
発覚	はっかく	명사
発言	はつげん	명사
発話	はつわ	명사
発足	ほっそく	명사
発送	はっそう	명사
発酵	はっこう	명사
登る	のぼる	동사
登校	とうこう	명사
登録	とうろく	명사
白々しい	しらじらしい	い형용사
白い	しろい	い형용사
白状	はくじょう	명사
白紙	はくし	명사
白羽の矢が立つ	しらはのやがたつ	표현
白黒をつける	しろくろをつける	표현
的	てき	기타
的	まと	명사
的確	てきかく	な형용사
皆さん	みなさん	명사
皆様	みなさま	명사
皇居	こうきょ	명사
皮切り	かわきり	명사
皺	しわ	명사
盗み	ぬすみ	명사
盗む	ぬすむ	동사
盛り上がる	もりあがる	동사
盛り上げる	もりあげる	동사
盛り込む	もりこむ	동사
盛る	さかる	동사
盛大	せいだい	な형용사
盛況	せいきょう	명사
盛衰	せいすい	명사
盛装	せいそう	명사
監視	かんし	명사
盤上	ばんじょう	명사
目	め	명사
目が利く	めがきく	표현
目つき	めつき	명사
目に余る	めにあまる	표현
目まぐるしい	めまぐるしい	い형용사
目をつぶる	めをつぶる	표현
目を疑う	めをうたがう	표현
目を見張る	めをみはる	표현
目を通す	めをとおす	표현
目先	めさき	명사
目処が立つ	めどがたつ	표현
目当て	めあて	명사
目撃	もくげき	명사
目新しい	めあたらしい	い형용사
目方	めかた	명사
目星	めぼし	명사
目的論	もくてきろん	명사
目盛り	めもり	명사
目線	めせん	명사
目覚ましい	めざましい	い형용사
目覚める	めざめる	동사
目録	もくろく	명사
目鼻がつく	めはながつく	표현
盲点	もうてん	명사
直ぐ	すぐ	부사
直営	ちょくえい	명사
直感	ちょっかん	명사
直進	ちょくしん	명사
直面	ちょくめん	명사
相	あい	기타
相まって	あいまって	부사
相場	そうば	명사
相容れない	あいいれない	표현
相対	あいたい	명사
相対性	そうたいせい	명사
相対的	そうたいてき	な형용사
相応	そうおう	な형용사
相応しい	ふさわしい	い형용사
相手取る	あいてどる	표현
相手方	あいてがた	명사
相違	そうい	명사
盾	たて	명사
省エネ	しょうエネ	명사
省察	せいさつ	명사
眉	まゆ	명사
看護	かんご	명사
県知事	けんちじ	명사
真っ二つ	まっぷたつ	명사
真っ白	まっしろ	な형용사
真に	しんに	부사
真ん中	まんなか	명사
真ん丸い	まんまるい	い형용사
真ん前	まんまえ	부사
真上	まうえ	명사
真下	ました	명사
真似事	まねごと	명사
真偽	しんぎ	명사
真実	しんじつ	명사
真心	まごころ	명사
真摯	しんし	な형용사
真正	しんせい	な형용사
真正面	ましょうめん	명사
真珠	しんじゅ	명사
真理	しんり	명사
真相	しんそう	명사
眠い	ねむい	い형용사
眠たい	ねむたい	い형용사
眠る	ねむる	동사
眩しい	まぶしい	い형용사
眩暈	めまい	명사
眺める	ながめる	동사
眼	め	명사
眼下	がんか	명사
眼球	がんきゅう	명사
眼科	がんか	명사
眼鏡	めがね	명사
着る	きる	동사
着工	ちゃっこう	명사
着席	ちゃくせき	명사
着想	ちゃくそう	명사
着手	ちゃくしゅ	명사
着替える	きがえる	동사
着用	ちゃくよう	명사
着目	ちゃくもく	명사
着色	ちゃくしょく	명사
着陸	ちゃくりく	명사
着飾る	きかざる	동사
瞑る	つぶる	동사
瞬き	まばたき	명사
瞬間	しゅんかん	명사
瞳	ひとみ	명사
瞳子	とうこ	명사
瞼	まぶた	명사
矛盾	むじゅん	명사
矢	や	명사
矢鱈	やたら	부사
知ったかぶり	しったかぶり	명사
知らせる	しらせる	동사
知り合う	しりあう	동사
知る	しる	동사
知名度	ちめいど	명사
知性	ちせい	명사
知恵	ちえ	명사
知的	ちてき	な형용사
知見	ちけん	명사
知覚	ちかく	명사
短い	みじかい	い형용사
短め	みじかめ	な형용사
短大	たんだい	명사
短時間	たんじかん	명사
短期間	たんきかん	명사
短歌	たんか	명사
短気	たんき	명사
短波	たんぱ	명사
短絡	たんらく	명사
短縮	たんしゅく	명사
石川	いしかわ	명사
砂利	じゃり	명사
研ぐ	とぐ	동사
研究	けんきゅう	명사
研究所	けんきゅうじょ	명사
破壊	はかい	명사
破損	はそん	명사
破格	はかく	な형용사
破棄	はき	명사
破綻	はたん	명사
破裂	はれつ	명사
碁盤	ごばん	명사
碌に	ろくに	부사
碑	いしぶみ	명사
確か	たしか	な형용사
確り	しっかり	부사
確保	かくほ	명사
確信	かくしん	명사
確実性	かくじつせい	명사
確立	かくりつ	명사
磁器	じき	명사
磁気	じき	명사
磨く	みがく	동사
礎	いしずえ	명사
社	やしろ	명사
社交	しゃこう	명사
社内	しゃない	명사
社外	しゃがい	명사
社宅	しゃたく	명사
祈り	いのり	명사
祈る	いのる	동사
祝賀	しゅくが	명사
神殿	しんでん	명사
神秘	しんぴ	명사
神経質	しんけいしつ	な형용사
神聖	しんせい	명사
票決	ひょうけつ	명사
禁ずる	きんずる	동사
禅	ぜん	명사
福	ふく	명사
福祉	ふくし	명사
福祉政策	ふくしせいさく	명사
私	あたし	명사
私	わたし	명사
私人	しじん	명사
私有	しゆう	명사
私物	しぶつ	명사
私用	しよう	명사
私的	してき	な형용사
科学	かがく	명사
秘める	ひめる	동사
秘書	ひしょ	명사
秘訣	ひけつ	명사
秩序	ちつじょ	명사
秭	し	명사
称する	しょうする	동사
移ろい	うつろい	명사
移住	いじゅう	명사
移民	いみん	명사
移行	いこう	명사
稀	まれ	な형용사
程なく	ほどなく	부사
程度	ていど	명사
税務署	ぜいむしょ	명사
種	しゅ	명사
種々	しゅじゅ	な형용사
種まき	たねまき	명사
稲光	いなびかり	명사
稲刈り	いねかり	명사
稼働	かどう	명사
穂	ほ	명사
積み上げる	つみあげる	동사
積み重なる	つみかさなる	동사
積み重ね	つみかさね	명사
積み重ねる	つみかさねる	동사
積もり	つもり	명사
穏やか	おだやか	な형용사
穏便	おんびん	な형용사
究明	きゅうめい	명사
究極	きゅうきょく	명사
空	そら	명사
空き地	あきち	명사
空き缶	あきかん	명사
空き間	あきま	명사
空席	くうせき	명사
空欄	くうらん	명사
空気	くうき	명사
空洞	くうどう	명사
空腹	くうふく	명사
空虚	くうきょ	명사
突き付ける	つきつける	동사
突き刺す	つきさす	동사
突き崩す	つきくずす	동사
突き当たる	つきあたる	동사
突き放す	つきはなす	동사
突き止める	つきとめる	동사
突き詰める	つきつめる	동사
突き進む	つきすすむ	동사
突く	つつく	동사
突っ張る	つっぱる	동사
突っ込む	つっこむ	동사
突如	とつじょ	부사
突然変異	とつぜんへんい	명사
突破	とっぱ	명사
窒息	ちっそく	명사
窓	まど	명사
窮乏	きゅうぼう	명사
窮屈	きゅうくつ	な형용사
立ち	たち	명사
立ち上る	たちのぼる	동사
立ち会い	たちあい	명사
立ち会う	たちあう	동사
立ち入り	たちいり	명사
立ち入る	たちいる	동사
立ち向かう	たちむかう	동사
立ち寄る	たちよる	동사
立ち尽くす	たちつくす	동사
立ち往生	たちおうじょう	명사
立ち戻る	たちもどる	동사
立ち直り	たちなおり	명사
立ち込める	たちこめる	동사
立ち退く	たちのく	동사
立ち遅れる	たちおくれる	동사
立てる	たてる	동사
立て直す	たてなおす	동사
立件	りっけん	명사
立体	りったい	명사
立候補者	りっこうほしゃ	명사
立場	たちば	명사
立方	たちかた	명사
立法	りっぽう	명사
立証	りっしょう	명사
端的	たんてき	な형용사
端緒	たんしょ	명사
競合	きょうごう	명사
竿	さお	명사
笑い声	わらいごえ	명사
笑う	わらう	동사
笑顔	えがお	명사
第	だい	기타
第一	だいいち	명사
第一歩	だいいっぽ	명사
第一義	だいいちぎ	명사
第三者	だいさんしゃ	명사
筈	はず	기타
等	とう	명사
等々	などなど	표현
等身	とうしん	명사
筋立て	すじだて	표현
筋道	すじみち	명사
筋金入り	すじがねいり	명사
筒	つつ	명사
答え	こたえ	명사
答える	こたえる	동사
答申	とうしん	명사
策	さく	명사
箇	か	기타
箇条書き	かじょうがき	명사
算定	さんてい	명사
箱入り	はこいり	명사
節	せつ	명사
節水	せっすい	명사
範囲	はんい	명사
範疇	はんちゅう	명사
築き上げる	きずきあげる	동사
築く	きずく	동사
簡易	かんい	な형용사
簡潔	かんけつ	な형용사
簡素	かんそ	な형용사
籠もる	こもる	동사
籠る	こもる	동사
米国	べいこく	명사
粉々	こなごな	な형용사
粉末	ふんまつ	명사
粉砕	ふんさい	명사
粋	いき	な형용사
粒子	りゅうし	명사
粗い	あらい	い형용사
粘り	ねばり	명사
粘り強い	ねばりづよい	い형용사
粘る	ねばる	동사
粘膜	ねんまく	명사
精いっぱい	せいいっぱい	명사
精密	せいみつ	な형용사
精巧	せいこう	な형용사
精度	せいど	명사
系	けい	명사
系統	けいとう	명사
系譜	けいふ	명사
約束	やくそく	명사
紅蓮	ぐれん	명사
納入	のうにゅう	명사
純真	じゅんしん	な형용사
純粋	じゅんすい	な형용사
紙面	しめん	명사
紛らす	まぎらす	동사
紛らわしい	まぎらわしい	い형용사
紛れる	まぎれる	동사
紛争	ふんそう	명사
紛失	ふんしつ	명사
紛糾	ふんきゅう	명사
素っ気ない	そっけない	い형용사
素早い	すばやい	い형용사
素朴	そぼく	な형용사
素材	そざい	명사
素読	そどく	명사
素顔	すがお	명사
紡ぐ	つむぐ	동사
紡績	ぼうせき	명사
紫外線	しがいせん	명사
細い	ほそい	い형용사
細か	こまか	な형용사
細やか	こまやか	な형용사
細分	さいぶん	명사
細工	さいく	명사
細胞	さいぼう	명사
細菌	さいきん	명사
細部	さいぶ	명사
紳士	しんし	명사
紹介	しょうかい	명사
終わる	おわる	동사
終了	しゅうりょう	명사
終始	しゅうし	명사
終止符	しゅうしふ	명사
終止符を打つ	しゅうしふをうつ	표현
終盤	しゅうばん	명사
組み	くみ	명사
組み合わせる	くみあわせる	동사
組み立て	くみたて	명사
組み立てる	くみたてる	동사
組み立る	くみたてる	동사
組み込む	くみこむ	동사
絆	きずな	명사
経る	へる	동사
経理	けいり	명사
経緯	けいい	명사
経費	けいひ	명사
経路	けいろ	명사
経過	けいか	명사
結び	むすび	명사
結びつき	むすびつき	명사
結びつく	むすびつく	동사
結びつける	むすびつける	동사
結び付ける	むすびつける	동사
結合	けつごう	명사
結婚	けっこん	명사
結局	けっきょく	부사
結成	けっせい	명사
結末	けつまつ	명사
結束	けっそく	명사
結核	けっかく	명사
結論づける	けつろんづける	동사
絞り込む	しぼりこむ	동사
絡み合う	からみあう	동사
絡む	からむ	동사
給う	たまう	동사
給仕	きゅうじ	명사
給食	きゅうしょく	명사
統べる	すべる	동사
統一	とういつ	명사
統制	とうせい	명사
統合	とうごう	명사
統廃合	とうはいごう	명사
統括	とうかつ	명사
統治	とうち	명사
統率	とうそつ	명사
絵本	えほん	명사
絵柄	えがら	명사
絶えず	たえず	부사
絶える	たえる	동사
絶つ	たつ	동사
絶体絶命	ぜったいぜつめい	명사
絶叫	ぜっきょう	명사
絶大	ぜつだい	な형용사
絶妙	ぜつみょう	な형용사
絶対	ぜったい	부사
絶対的	ぜったいてき	な형용사
絶望	ぜつぼう	명사
絶滅	ぜつめつ	명사
絶版	ぜっぱん	명사
絶賛	ぜっさん	명사
絹糸	きぬいと	명사
継ぎ目	つぎめ	명사
継ぐ	つぐ	동사
続く	つづく	동사
続ける	つづける	동사
網	あみ	명사
網羅	もうら	명사
綴じる	とじる	동사
綴る	つづる	동사
綺麗	きれい	な형용사
綻びる	ほころびる	동사
緊急	きんきゅう	명사
緊迫	きんぱく	명사
総	そう	기타
総会	そうかい	명사
総体	そうたい	명사
総務	そうむ	명사
総合	そうごう	명사
総括	そうかつ	명사
緑陰	りょくいん	명사
締め付ける	しめつける	동사
締め切る	しめきる	동사
締め括る	しめくくる	동사
締結	ていけつ	명사
編	へん	명사
編成	へんせい	명사
編著	へんちょ	명사
緩い	ゆるい	い형용사
緩む	ゆるむ	동사
緩やか	ゆるやか	な형용사
緩和	かんわ	명사
練り上げる	ねりあげる	동사
練り合わせる	ねりあわせる	동사
練り歩く	ねりあるく	동사
練り直す	ねりなおす	동사
練り込む	ねりこむ	동사
練る	ねる	동사
緻密	ちみつ	な형용사
縁側	えんがわ	명사
縁談	えんだん	명사
縮まる	ちぢまる	동사
繁る	しげる	동사
繁栄	はんえい	명사
繁殖	はんしょく	명사
繁盛	はんじょう	명사
繁華	はんか	な형용사
繊細	せんさい	な형용사
繊維	せんい	명사
繋ぐ	つなぐ	동사
織り	おり	명사
織り込み	おりこみ	명사
織り込む	おりこむ	동사
織る	おる	동사
織物	おりもの	명사
繕う	つくろう	동사
繭	まゆ	명사
繰り上げる	くりあげる	동사
繰り出す	くりだす	동사
繰り広げる	くりひろげる	동사
繰り延べる	くりのべる	동사
繰り越す	くりこす	동사
繰り返し	くりかえし	명사
繰り返す	くりかえす	동사
纏う	まとう	동사
纏まり	まとまり	명사
纏め	まとめ	명사
罠	わな	명사
置き換える	おきかえる	동사
置き時計	おきどけい	명사
置く	おく	동사
罰	ばち	명사
罵る	ののしる	동사
罷免	ひめん	명사
美	び	명사
美しい	うつくしい	い형용사
美化	びか	명사
美味しい	おいしい	い형용사
美意識	びいしき	명사
美術	びじゅつ	명사
美術館	びじゅつかん	명사
群	ぐん	명사
群がる	むらがる	동사
群集	ぐんしゅう	명사
群馬	ぐんま	명사
義務	ぎむ	명사
義父	ぎふ	명사
義理	ぎり	명사
羽毛	うもう	명사
羽目	はめ	명사
翅	はね	명사
翌月	よくげつ	명사
習う	ならう	동사
習得	しゅうとく	명사
習性	しゅうせい	명사
習熟	しゅうじゅく	명사
翔る	かける	동사
翻す	ひるがえす	동사
翻訳	ほんやく	명사
老いる	おいる	동사
老ける	ふける	동사
老化	ろうか	명사
老朽	ろうきゅう	명사
老練	ろうれん	な형용사
老舗	しにせ	명사
老衰	ろうすい	명사
考えつく	かんがえつく	동사
考える	かんがえる	동사
考え出す	かんがえだす	동사
考え方	かんがえかた	명사
考え直す	かんがえなおす	동사
考古学	こうこがく	명사
考察	こうさつ	명사
考案	こうあん	명사
考究	こうきゅう	명사
耐性	たいせい	명사
耕作	こうさく	명사
耳	みみ	명사
耳が痛い	みみがいたい	표현
耳に挟む	みみにはさむ	표현
耳を傾ける	みみをかたむける	표현
耳鼻科	じびか	명사
聖書	せいしょ	명사
聞き上手	ききじょうず	명사
聞き出す	ききだす	동사
聞き取り	ききとり	명사
聞き取る	ききとる	동사
聞く	きく	동사
聞ける	きける	동사
聞こえる	きこえる	동사
聳える	そびえる	동사
聴く	きく	동사
聴覚	ちょうかく	명사
聴解	ちょうかい	명사
聴診器	ちょうしんき	명사
聴講	ちょうこう	명사
職務	しょくむ	명사
職員	しょくいん	명사
肉体	にくたい	명사
肉眼	にくがん	명사
肉親	にくしん	명사
肉食	にくしょく	명사
肝心	かんじん	な형용사
肝要	かんよう	な형용사
股	また	명사
肥料	ひりょう	명사
肩こり	かたこり	명사
肩の荷が下りる	かたのにがおりる	표현
肩を並べる	かたをならべる	표현
肩を持つ	かたをもつ	표현
育ち	そだち	명사
育む	はぐくむ	동사
育成	いくせい	명사
肺	はい	명사
胆力	たんりょく	명사
背く	そむく	동사
背中	せなか	명사
背後	はいご	명사
背景	はいけい	명사
胴	どう	명사
胸	むね	명사
胸が躍る	むねがおどる	표현
胸を打つ	むねをうつ	표현
胸を撫で下ろす	むねをなでおろす	표현
胸中	きょうちゅう	명사
能動	のうどう	명사
脂肪	しぼう	명사
脅す	おどす	동사
脅迫	きょうはく	명사
脆い	もろい	い형용사
脈絡	みゃくらく	명사
脚本	きゃくほん	명사
脚色	きゃくしょく	명사
脱出	だっしゅつ	명사
脱却	だっきゃく	명사
脱税	だつぜい	명사
脱落	だつらく	명사
脱退	だったい	명사
脳	のう	명사
脳みそ	のうみそ	명사
脳裏	のうり	명사
腐敗	ふはい	명사
腑に落ちない	ふにおちない	표현
腑分け	ふわけ	명사
腕前	うでまえ	명사
腫れる	はれる	동사
腰が低い	こしがひくい	표현
腰を据える	こしをすえる	표현
腸	ちょう	명사
腹を割る	はらをわる	표현
腹を決める	はらをきめる	표현
腹を立てる	はらをたてる	표현
腹立ち	はらだち	명사
腿	もも	명사
膨れる	ふくれる	동사
膨大	ぼうだい	な형용사
膨張	ぼうちょう	명사
膳	ぜん	명사
臆病	おくびょう	な형용사
臨む	のぞむ	동사
臨場	りんじょう	명사
臨機応変	りんきおうへん	명사
自ずから	おのずから	부사
自ずと	おのずと	부사
自ら	みずから	명사
自主	じしゅ	명사
自任	じにん	명사
自体	じたい	명사
自信	じしん	명사
自分	じぶん	명사
自制	じせい	명사
自力	じりき	명사
自動的	じどうてき	な형용사
自動詞	じどうし	명사
自動車	じどうしゃ	명사
自問	じもん	명사
自国	じこく	명사
自在	じざい	명사
自宅	じたく	명사
自尊心	じそんしん	명사
自己	じこ	명사
自律	じりつ	명사
自惚れ	うぬぼれ	명사
自我	じが	명사
自業自得	じごうじとく	표현
自治	じち	명사
自治体	じちたい	명사
自由意志	じゆういし	명사
自画自賛	じがじさん	명사
自発	じはつ	명사
自社	じしゃ	명사
自立	じりつ	명사
自給自足	じきゅうじそく	명사
自覚	じかく	명사
自説	じせつ	명사
自転	じてん	명사
自重	じちょう	명사
自首	じしゅ	명사
至って	いたって	부사
至高	しこう	な형용사
致命	ちめい	명사
興じる	きょうじる	동사
興す	おこす	동사
興亡	こうぼう	명사
興味	きょうみ	명사
興味深い	きょうみぶかい	い형용사
興奮	こうふん	명사
興業	こうぎょう	명사
舌を巻く	したをまく	표현
舐める	なめる	동사
舗装	ほそう	명사
舞い上がる	まいあがる	동사
舞い込む	まいこむ	동사
舞う	まう	동사
舞台裏	ぶたいうら	명사
航海	こうかい	명사
船舶	せんぱく	명사
良い	よい	い형용사
良し悪し	よしあし	명사
良否	りょうひ	명사
良好	りょうこう	な형용사
良心	りょうしん	명사
良識	りょうしき	명사
色	いろ	명사
色々	いろいろ	な형용사
色づく	いろづく	동사
色とりどり	いろとりどり	な형용사
色付け	いろづけ	명사
色合い	いろあい	명사
色彩	しきさい	명사
色鉛筆	いろえんぴつ	명사
艶	えん	な형용사
艶やか	あでやか	な형용사
芝	しば	명사
花	はな	명사
花びら	はなびら	명사
花壇	かだん	명사
花屋	はなや	명사
花束	はなたば	명사
花粉	かふん	명사
花見	はなみ	명사
花鳥風月	かちょうふうげつ	명사
芳しい	かんばしい	い형용사
芽生える	めばえる	동사
苗	なえ	명사
苛める	いじめる	동사
若い	わかい	い형용사
若し	もし	부사
若しかして	もしかして	부사
若しかすると	もしかすると	부사
若しくは	もしくは	기타
若手	わかて	명사
若者	わかもの	명사
若葉	わかば	명사
苦しい	くるしい	い형용사
苦しめる	くるしめる	동사
苦悩	くのう	명사
英国	えいこく	명사
英字	えいじ	명사
英雄	えいゆう	명사
茎	くき	명사
茶の湯	ちゃのゆ	명사
茶色	ちゃいろ	명사
茸	きのこ	명사
草取り	くさとり	명사
草花	くさばな	명사
荒っぽい	あらっぽい	い형용사
荒らす	あらす	동사
荒廃	こうはい	명사
荘厳	そうごん	な형용사
荷	に	명사
荷造り	にづくり	명사
莫大	ばくだい	な형용사
菅	すげ	명사
華々しい	はなばなしい	い형용사
華やか	はなやか	な형용사
華奢	かしゃ	な형용사
華美	かび	명사
華麗	かれい	な형용사
萎びる	しなびる	동사
萎縮	いしゅく	명사
落ちる	おちる	동사
落ち着き	おちつき	명사
落ち葉	おちば	명사
落ち込む	おちこむ	동사
落とす	おとす	동사
落下	らっか	명사
落書き	らくがき	명사
落胆	らくたん	명사
著しい	いちじるしい	い형용사
著作	ちょさく	명사
著名	ちょめい	な형용사
著書	ちょしょ	명사
葦	あし	명사
葵	あおい	명사
蒸し焼き	むしやき	명사
蒸留	じょうりゅう	명사
蓄積	ちくせき	명사
蓋然性	がいぜんせい	명사
蓮	はす	명사
蔑む	さげすむ	동사
蔓延る	はびこる	동사
蔵	くら	명사
蔵相	ぞうしょう	명사
蕩ける	とろける	동사
蕾	つぼみ	명사
薄らぐ	うすらぐ	동사
薄れる	うすれる	동사
薄弱	はくじゃく	명사
薄茶	うすちゃ	명사
薫	かおり	명사
薬物	やくぶつ	명사
藁	わら	명사
藻掻く	もがく	동사
虚しい	むなしい	い형용사
虚ろ	うつろ	명사
虚報	きょほう	명사
虚実	きょじつ	명사
虚構	きょこう	명사
虚無	きょむ	명사
虫がいい	むしがいい	표현
虫が好かない	むしがすかない	표현
蛾	が	명사
蜂蜜	はちみつ	명사
蝶	ちょう	명사
融合	ゆうごう	명사
融資	ゆうし	명사
融通	ゆうずう	명사
血管	けっかん	명사
血肉	けつにく	명사
血行	けっこう	명사
衆	しゅう	명사
行	ぎょう	명사
行い	おこない	명사
行き交う	いきかう	동사
行き場	ゆきば	명사
行き届く	ゆきとどく	동사
行き渡る	いきわたる	동사
行き着く	いきつく	동사
行き詰まり	いきづまり	명사
行き詰まる	いきづまる	동사
行き詰る	いきづまる	동사
行き過ぎ	いきすぎ	명사
行き過ぎる	いきすぎる	동사
行き違い	いきちがい	명사
行く	いく	동사
行く末	ゆくすえ	명사
行ける	いける	동사
行なう	おこなう	동사
行員	こういん	명사
行政	ぎょうせい	명사
行政指導	ぎょうせいしどう	명사
行為	こうい	명사
行進	こうしん	명사
街	がい	명사
街	まち	명사
街並み	まちなみ	명사
街灯	がいとう	명사
街路	がいろ	명사
街道	かいどう	명사
衝撃	しょうげき	명사
衣料	いりょう	명사
衣装	いしょう	명사
衣類	いるい	명사
衣食住	いしょくじゅう	명사
表れ	あらわれ	명사
表示	ひょうじ	명사
表立つ	おもてだつ	동사
衰え	おとろえ	명사
衰弱	すいじゃく	명사
衰退	すいたい	명사
被る	こうむる	동사
被災	ひさい	명사
裁き	さばき	명사
裁く	さばく	동사
裁量	さいりょう	명사
裂ける	さける	동사
装い	よそおい	명사
装う	よそおう	동사
装備	そうび	명사
装飾	そうしょく	명사
裏付け	うらづけ	명사
裏付ける	うらづける	동사
裏切る	うらぎる	동사
裏目	うらめ	명사
裏返し	うらがえし	명사
裏返す	うらがえす	동사
補償	ほしょう	명사
補充	ほじゅう	명사
補助	ほじょ	명사
補填	ほてん	명사
補給	ほきゅう	명사
補足	ほそく	명사
裸足	はだし	명사
製	せい	명사
製本	せいほん	명사
製氷	せいひょう	명사
製法	せいほう	명사
製紙	せいし	명사
製鉄	せいてつ	명사
裾	すそ	명사
複雑	ふくざつ	な형용사
褒美	ほうび	명사
襟	えり	명사
襲う	おそう	동사
襲撃	しゅうげき	명사
西山	にしやま	명사
西日	にしび	명사
西日本	にしにほん	명사
西洋	せいよう	명사
要する	ようする	동사
要は	ようは	부사
要る	いる	동사
要件	ようけん	명사
要因	よういん	명사
要旨	ようし	명사
要望	ようぼう	명사
要点	ようてん	명사
要約	ようやく	명사
要素	ようそ	명사
要請	ようせい	명사
要項	ようこう	명사
覆い被さる	おおいかぶさる	동사
覆い隠す	おおいかくす	동사
覆す	くつがえす	동사
覆る	くつがえる	동사
覆面	ふくめん	명사
覇権	はけん	명사
見いだす	みいだす	동사
見える	みえる	동사
見かける	みかける	동사
見すぼらしい	みすぼらしい	い형용사
見せかけ	みせかけ	명사
見せつける	みせつける	동사
見せびらかす	みせびらかす	동사
見せる	みせる	동사
見た目	みため	명사
見っともない	みっともない	い형용사
見つける	みつける	동사
見つけ出す	みつけだす	동사
見つめる	みつめる	동사
見て取る	みてとる	동사
見て見ぬふり	みてみぬふり	표현
見る	みる	동사
見付ける	みつける	동사
見做す	みなす	동사
見入る	みいる	동사
見出し	みだし	명사
見出す	みいだす	동사
見分ける	みわける	동사
見切りをつける	みきりをつける	표현
見受ける	みうける	동사
見合い	みあい	명사
見合う	みあう	동사
見合わせる	みあわせる	동사
見回す	みまわす	동사
見回り	みまわり	명사
見回る	みまわる	동사
見地	けんち	명사
見境	みさかい	명사
見守る	みまもる	동사
見定める	みさだめる	동사
見届ける	みとどける	동사
見張る	みはる	동사
見当たる	みあたる	동사
見当違い	けんとうちがい	な형용사
見抜く	みぬく	동사
見据える	みすえる	동사
見方	みかた	명사
見晴らし	みはらし	명사
見栄え	みばえ	명사
見栄っ張り	みえっぱり	명사
見栄を張る	みえをはる	표현
見極め	みきわめ	명사
見極める	みきわめる	동사
見比べる	みくらべる	동사
見渡す	みわたす	동사
見直し	みなおし	명사
見破る	みやぶる	동사
見積	みつもり	명사
見積もり	みつもり	명사
見繕う	みつくろう	동사
見聞	けんぶん	명사
見苦しい	みぐるしい	い형용사
見落とす	みおとす	동사
見解	けんかい	명사
見計らう	みはからう	동사
見識	けんしき	명사
見越す	みこす	동사
見込み	みこみ	명사
見込む	みこむ	동사
見返り	みかえり	명사
見逃す	みのがす	동사
見通し	みとおし	명사
見通す	みとおす	동사
見過ごす	みすごす	동사
見違える	みちがえる	동사
規制	きせい	명사
規制緩和	きせいかんわ	명사
規定	きてい	명사
規格	きかく	명사
規模	きぼ	명사
規範	きはん	명사
規約	きやく	명사
視力	しりょく	명사
視察	しさつ	명사
視点	してん	명사
視界	しかい	명사
視線	しせん	명사
視聴	しちょう	명사
視覚	しかく	명사
視野	しや	명사
覚え	おぼえ	명사
覚える	おぼえる	동사
親元	おやもと	명사
親善	しんぜん	명사
親心	おやごころ	명사
観	かん	명사
観る	みる	동사
観念	かんねん	명사
観念的	かんねんてき	な형용사
観念論	かんねんろん	명사
観測	かんそく	명사
観点	かんてん	명사
観衆	かんしゅう	명사
観覧	かんらん	명사
角	かく	명사
角度	かくど	명사
解かす	とかす	동사
解き放つ	ときはなつ	동사
解き方	ときかた	명사
解き明かす	ときあかす	동사
解明	かいめい	명사
解消	かいしょう	명사
解約	かいやく	명사
解釈	かいしゃく	명사
解除	かいじょ	명사
触る	さわる	동사
触れる	ふれる	동사
触媒	しょくばい	명사
触発	しょくはつ	명사
言い分	いいぶん	명사
言い包める	いいくるめる	동사
言い合う	いいあう	동사
言い含める	いいふくめる	동사
言い回し	いいまわし	명사
言い寄る	いいよる	동사
言い張る	いいはる	동사
言い放つ	いいはなつ	동사
言い方	いいかた	명사
言い渡す	いいわたす	동사
言い聞かせる	いいきかせる	동사
言い訳	いいわけ	명사
言い逃れる	いいのがれる	동사
言う	いう	동사
言える	いえる	동사
言伝	ことづて	명사
言動	げんどう	명사
言外	げんがい	명사
言葉	ことば	명사
言葉づかい	ことばづかい	명사
言葉に詰まる	ことばにつまる	표현
言葉を濁す	ことばをにごす	표현
言語道断	ごんごどうだん	な형용사
言論	げんろん	명사
言論統制	げんろんとうせい	명사
計上	けいじょう	명사
計器	けいき	명사
訊ねる	たずねる	동사
討論	とうろん	명사
討議	とうぎ	명사
託す	たくす	동사
記名	きめい	명사
記憶	きおく	명사
記述	きじゅつ	명사
訪れ	おとずれ	명사
訪れる	おとずれる	동사
設ける	もうける	동사
設定	せってい	명사
設立	せつりつ	명사
設置	せっち	명사
許容	きょよう	명사
訴え	うったえ	명사
訴訟	そしょう	명사
訴追	そつい	명사
診療	しんりょう	명사
証	あかし	명사
証人	しょうにん	명사
証拠	しょうこ	명사
証言	しょうげん	명사
詐欺	さぎ	명사
試み	こころみ	명사
試みる	こころみる	동사
試作	しさく	명사
試合	しあい	명사
試着	しちゃく	명사
試行	しこう	명사
試行錯誤	しこうさくご	명사
試運転	しうんてん	명사
試食	ししょく	명사
詫び	わび	명사
詰らない	つまらない	い형용사
詰る	なじる	동사
話し込む	はなしこむ	동사
話す	はなす	동사
話せる	はなせる	동사
話に花が咲く	はなしにはながさく	표현
該当	がいとう	명사
詳細	しょうさい	명사
誂える	あつらえる	동사
誇らしい	ほこらしい	い형용사
誇る	ほこる	동사
誇張	こちょう	명사
誇示	こじ	명사
誌面	しめん	명사
認める	したためる	동사
認知	にんち	명사
認識	にんしき	명사
認識論	にんしきろん	명사
誓約	せいやく	명사
誘い	さそい	명사
誘因	ゆういん	명사
誘導	ゆうどう	명사
誘惑	ゆうわく	명사
誘発	ゆうはつ	명사
誘致	ゆうち	명사
語り	かたり	명사
語りかける	かたりかける	동사
語彙	ごい	명사
語源	ごげん	명사
語義	ごぎ	명사
誠	まこと	명사
誠実	せいじつ	な형용사
誤る	あやまる	동사
誤差	ごさ	명사
誤差範囲	ごさはんい	명사
誤植	ごしょく	명사
誤診	ごしん	명사
誤魔化す	ごまかす	동사
説く	とく	동사
説得	せっとく	명사
説明	せつめい	명사
読み	よみ	명사
読み方	よみかた	명사
読み返す	よみかえす	동사
読む	よむ	동사
読める	よめる	동사
読了	どくりょう	명사
読者	どくしゃ	명사
読解	どっかい	명사
誰	だれ	명사
課外	かがい	명사
課税	かぜい	명사
課題	かだい	명사
調べ	しらべ	명사
調べる	しらべる	동사
調停	ちょうてい	명사
調印	ちょういん	명사
調味	ちょうみ	명사
調和	ちょうわ	명사
調子に乗る	ちょうしにのる	표현
調整	ちょうせい	명사
調理	ちょうり	명사
調達	ちょうたつ	명사
諂う	へつらう	동사
諄い	くどい	い형용사
請け負う	うけおう	동사
論じる	ろんじる	동사
論敵	ろんてき	명사
論点	ろんてん	명사
論理	ろんり	명사
論証	ろんしょう	명사
論説	ろんせつ	명사
論議	ろんぎ	명사
諦め	あきらめ	명사
諭す	さとす	동사
諮る	はかる	동사
諮問	しもん	명사
諸	しょ	기타
諸々	もろもろ	명사
諸に	もろに	부사
諸君	しょくん	명사
謀る	はかる	동사
謙る	へりくだる	동사
謙虚	けんきょ	な형용사
講座	こうざ	명사
講社	こうしゃ	명사
講習	こうしゅう	명사
講読	こうどく	명사
謝絶	しゃぜつ	명사
謝罪	しゃざい	명사
謳歌	おうか	명사
警報	けいほう	명사
警戒	けいかい	명사
警部	けいぶ	명사
議事堂	ぎじどう	명사
議案	ぎあん	명사
議決	ぎけつ	명사
議題	ぎだい	명사
譲渡	じょうと	명사
豊作	ほうさく	명사
豊富	ほうふ	な형용사
象	しょう	명사
象徴	しょうちょう	명사
象徴的	しょうちょうてき	な형용사
豪儀	ごうぎ	な형용사
豪華	ごうか	な형용사
貝殻	かいがら	명사
負う	おう	동사
負かす	まかす	동사
負けず嫌い	まけずぎらい	な형용사
負ける	まける	동사
負債	ふさい	명사
負傷	ふしょう	명사
負担	ふたん	명사
負荷	ふか	명사
財	ざい	명사
財政	ざいせい	명사
財源	ざいげん	명사
貧乏	びんぼう	な형용사
貧困	ひんこん	명사
貧弱	ひんじゃく	な형용사
貨幣	かへい	명사
貪欲	どんよく	な형용사
貫禄	かんろく	명사
責任	せきにん	명사
責務	せきむ	명사
貯蓄	ちょちく	명사
貴店	きてん	명사
貴方	あなた	명사
貴族	きぞく	명사
貴社	きしゃ	명사
貶す	けなす	동사
買い占める	かいしめる	동사
買い取り	かいとり	명사
買い手	かいて	명사
買い替える	かいかえる	동사
買い物	かいもの	명사
買う	かう	동사
買収	ばいしゅう	명사
買取	かいとり	명사
貸し出し	かしだし	명사
貸し出す	かしだす	동사
費	ひ	명사
費やす	ついやす	동사
貼り付ける	はりつける	동사
貼る	はる	동사
貿易摩擦	ぼうえきまさつ	명사
賃金	ちんぎん	명사
賄う	まかなう	동사
資本	しほん	명사
資格	しかく	명사
資産	しさん	명사
資質	ししつ	명사
資金	しきん	명사
賑やか	にぎやか	な형용사
賑わう	にぎわう	동사
賛同	さんどう	명사
賛否	さんぴ	명사
賛美	さんび	명사
賜る	たまわる	동사
賜わる	たまわる	동사
賞味	しょうみ	명사
賠償	ばいしょう	명사
賢明	けんめい	な형용사
質問	しつもん	명사
質感	しつかん	명사
質疑	しつぎ	명사
質疑応答	しつぎおうとう	명사
質的	しつてき	な형용사
質素	しっそ	な형용사
賭け	かけ	명사
賭ける	かける	동사
購入	こうにゅう	명사
購買	こうばい	명사
贈り物	おくりもの	명사
贈答	ぞうとう	명사
赤ちゃん	あかちゃん	명사
赤らむ	あからむ	동사
赤外線	せきがいせん	명사
赤字	あかじ	명사
赤字財政	あかじざいせい	명사
走り回る	はしりまわる	동사
走る	はしる	동사
赴く	おもむく	동사
赴任	ふにん	명사
起きる	おきる	동사
起こす	おこす	동사
起伏	きふく	명사
起業	きぎょう	명사
起源	きげん	명사
起点	きてん	명사
起用	きよう	명사
起訴	きそ	명사
超える	こえる	동사
超越	ちょうえつ	명사
趣	おもむき	명사
趣味	しゅみ	명사
趣意	しゅい	명사
趣旨	しゅし	명사
足が出る	あしがでる	표현
足し算	たしざん	명사
足りる	たりる	동사
足を引っ張る	あしをひっぱる	표현
足を洗う	あしをあらう	표현
足を運ぶ	あしをはこぶ	표현
足場	あしば	명사
足止め	あしどめ	명사
距離	きょり	명사
跡継ぎ	あとつぎ	명사
跨る	またがる	동사
路上	ろじょう	명사
路面	ろめん	명사
踊る	おどる	동사
踏まえる	ふまえる	동사
踏みにじる	ふみにじる	동사
踏み倒す	ふみたおす	동사
踏み入れる	ふみいれる	동사
踏み出す	ふみだす	동사
踏み切る	ふみきる	동사
踏み込む	ふみこむ	동사
踏む	ふむ	동사
踏ん張る	ふんばる	동사
踏襲	とうしゅう	명사
踵	かかと	명사
躊躇	ちゅうちょ	명사
躊躇う	ためらう	동사
躍動	やくどう	명사
躍起	やっき	な형용사
身なり	みなり	명사
身の回り	みのまわり	표현
身体	しんたい	명사
身動き	みうごき	명사
身振り	みぶり	명사
身近	みぢか	な형용사
躾	しつけ	명사
車中	しゃちゅう	명사
車体	しゃたい	명사
車内	しゃない	명사
車椅子	くるまいす	명사
車種	しゃしゅ	명사
軋む	きしむ	동사
軋轢	あつれき	명사
軌跡	きせき	명사
軌道	きどう	명사
軍備	ぐんび	명사
軍服	ぐんぷく	명사
軍艦	ぐんかん	명사
軒並み	のきなみ	명사
転じる	てんじる	동사
転任	てんにん	명사
転倒	てんとう	명사
転勤	てんきん	명사
転回	てんかい	명사
転売	てんばい	명사
転居	てんきょ	명사
転換	てんかん	명사
転校	てんこう	명사
転機	てんき	명사
転移	てんい	명사
軸	じく	명사
軽々しい	かるがるしい	い형용사
軽い	かるい	い형용사
軽快	けいかい	な형용사
軽減	けいげん	명사
軽率	けいそつ	な형용사
軽蔑	けいべつ	명사
軽薄	けいはく	な형용사
軽視	けいし	명사
載せる	のせる	동사
輝く	かがやく	동사
輩出	はいしゅつ	명사
輪	りん	기타
輪をかける	わをかける	표현
輸出入	ゆしゅつにゅう	명사
辛うじて	かろうじて	부사
辛抱	しんぼう	명사
辞書	じしょ	명사
辞職	じしょく	명사
辞退	じたい	명사
農作業	のうさぎょう	명사
農作物	のうさくぶつ	명사
農園	のうえん	명사
農地	のうち	명사
農場	のうじょう	명사
辻褄	つじつま	명사
込み上げる	こみあげる	동사
込む	こむ	동사
込める	こめる	동사
辿り着く	たどりつく	동사
辿る	たどる	동사
迂闊	うかつ	な형용사
迅速	じんそく	な형용사
迎える	むかえる	동사
近い	ちかい	い형용사
近く	ちかく	명사
近ごろ	ちかごろ	부사
近づく	ちかづく	동사
近年	きんねん	명사
近眼	きんがん	명사
近視	きんし	명사
近郊	きんこう	명사
近隣	きんりん	명사
返上	へんじょう	명사
返事	へんじ	명사
返却	へんきゃく	명사
返品	へんぴん	명사
返済	へんさい	명사
返答	へんとう	명사
返送	へんそう	명사
返還	へんかん	명사
迚も	とても	부사
迫力	はくりょく	명사
迫害	はくがい	명사
迷い	まよい	명사
迷う	まよう	동사
迷路	めいろ	명사
追い出す	おいだす	동사
追い払う	おいはらう	동사
追い抜く	おいぬく	동사
追い立てる	おいたてる	동사
追い詰める	おいつめる	동사
追い越す	おいこす	동사
追い込む	おいこむ	동사
追放	ついほう	명사
追求	ついきゅう	명사
追跡	ついせき	명사
退く	しりぞく	동사
退ける	しりぞける	동사
退る	しさる	동사
退化	たいか	명사
退治	たいじ	명사
退社	たいしゃ	명사
退職	たいしょく	명사
送り返す	おくりかえす	동사
送る	おくる	동사
送付	そうふ	명사
送金	そうきん	명사
逃げ出す	にげだす	동사
逃げ切る	にげきる	동사
逃げ延びる	にげのびる	동사
逃げ惑う	にげまどう	동사
逃す	のがす	동사
逃れる	のがれる	동사
逃亡	とうぼう	명사
逃走	とうそう	명사
逃避	とうひ	명사
逆らう	さからう	동사
逆立ち	さかだち	명사
逆説	ぎゃくせつ	명사
逆転	ぎゃくてん	명사
透ける	すける	동사
途上	とじょう	명사
途中	とちゅう	명사
途切れる	とぎれる	동사
途方に暮れる	とほうにくれる	표현
途方もない	とほうもない	표현
途絶える	とだえる	동사
通う	かよう	동사
通る	とおる	동사
通例	つうれい	명사
通常	つうじょう	명사
通年	つうねん	명사
通行止め	つうこうどめ	명사
通話	つうわ	명사
通説	つうせつ	명사
通販	つうはん	명사
逞しい	たくましい	い형용사
速い	はやい	い형용사
造る	つくる	동사
連なる	つらなる	동사
連ねる	つらねる	동사
連中	れんちゅう	명사
連休	れんきゅう	명사
連動	れんどう	명사
連帯	れんたい	명사
連想	れんそう	명사
連携	れんけい	명사
連日	れんじつ	명사
連立	れんりつ	명사
連結	れんけつ	명사
連続性	れんぞくせい	명사
連載	れんさい	명사
連邦	れんぽう	명사
連鎖	れんさ	명사
連関	れんかん	명사
週刊	しゅうかん	명사
進め方	すすめかた	명사
進出	しんしゅつ	명사
進化	しんか	명사
進化論	しんかろん	명사
進呈	しんてい	명사
進展	しんてん	명사
進度	しんど	명사
進行	しんこう	명사
進路	しんろ	명사
逸らす	そらす	동사
逸脱	いつだつ	명사
逼迫	ひっぱく	명사
遂げる	とげる	동사
遅い	おそい	い형용사
遅くとも	おそくとも	부사
遅らす	おくらす	동사
遅れ	おくれ	명사
遅れる	おくれる	동사
遊び	あそび	명사
遊ぶ	あそぶ	동사
遊歩道	ゆうほどう	명사
遊泳	ゆうえい	명사
遊牧	ゆうぼく	명사
運び出す	はこびだす	동사
運び込む	はこびこむ	동사
運ぶ	はこぶ	동사
運命	うんめい	명사
運営	うんえい	명사
運搬	うんぱん	명사
運用	うんよう	명사
運賃	うんちん	명사
運輸	うんゆ	명사
運送	うんそう	명사
過ぎ	すぎ	명사
過ぎる	すぎる	동사
過ち	あやまち	명사
過信	かしん	명사
過労	かろう	명사
過半	かはん	명사
過去	かこ	명사
過多	かた	명사
過密	かみつ	명사
過度	かど	な형용사
過敏	かびん	な형용사
過疎	かそ	명사
過言	かごん	명사
過重	かじゅう	な형용사
道	みち	명사
道のり	みちのり	명사
道具	どうぐ	명사
道場	どうじょう	명사
道徳	どうとく	명사
道案内	みちあんない	명사
道筋	みちすじ	명사
道草を食う	みちくさをくう	표현
達す	たっす	동사
達成	たっせい	명사
違う	ちがう	동사
違える	ちがえる	동사
遠い	とおい	い형용사
遠ざかる	とおざかる	동사
遠ざける	とおざける	동사
遠回り	とおまわり	명사
遠方	えんぽう	명사
遣り通す	やりとおす	동사
遣る	やる	동사
遥か	はるか	な형용사
適す	てきす	동사
適切	てきせつ	な형용사
適応	てきおう	명사
適性	てきせい	명사
適量	てきりょう	명사
遭難	そうなん	명사
遮る	さえぎる	동사
遮断	しゃだん	명사
遵守	じゅんしゅ	명사
選び	えらび	명사
選び出す	えらびだす	동사
選び方	えらびかた	명사
選ぶ	えらぶ	동사
選別	せんべつ	명사
選択肢	せんたくし	명사
選挙	せんきょ	명사
選考	せんこう	명사
遺伝	いでん	명사
遺憾	いかん	な형용사
遺跡	いせき	명사
避難	ひなん	명사
還付	かんぷ	명사
還元	かんげん	명사
還暦	かんれき	명사
部	ぶ	명사
部下	ぶか	명사
部内	ぶない	명사
部員	ぶいん	명사
部屋	へや	명사
部門	ぶもん	명사
郷土	きょうど	명사
郷里	きょうり	명사
都合	つごう	명사
配下	はいか	명사
配信	はいしん	명사
配偶	はいぐう	명사
配偶者	はいぐうしゃ	명사
配分	はいぶん	명사
配列	はいれつ	명사
配合	はいごう	명사
配布	はいふ	명사
配当	はいとう	명사
配慮	はいりょ	명사
配給	はいきゅう	명사
配置	はいち	명사
酪農	らくのう	명사
酷い	ひどい	い형용사
酸	さん	명사
酸化	さんか	명사
酸味	さんみ	명사
醍醐味	だいごみ	명사
里山	さとやま	명사
重	え	기타
重々しい	おもおもしい	い형용사
重い	おもい	い형용사
重き	おもき	명사
重なる	かさなる	동사
重ねる	かさねる	동사
重ね合う	かさねあう	동사
重んじる	おもんじる	동사
重んずる	おもんずる	동사
重大	じゅうだい	な형용사
重宝	ちょうほう	な형용사
重心	じゅうしん	명사
重複	じゅうふく	명사
野党	やとう	명사
野外	やがい	명사
野心	やしん	명사
野放図	のほうず	な형용사
野球	やきゅう	명사
野菊	のぎく	명사
野鳥	やちょう	명사
金曜日	きんようび	명사
金槌	かなづち	명사
金蔵	かねぐら	명사
釘を刺す	くぎをさす	표현
鈍い	のろい	い형용사
鈍る	にぶる	동사
鈍感	どんかん	な형용사
鉄則	てっそく	명사
鉄片	てっぺん	명사
鉄鋼	てっこう	명사
鉛	なまり	명사
鉱山	こうざん	명사
鉱業	こうぎょう	명사
銀行	ぎんこう	명사
銘じる	めいじる	동사
鋭利	えいり	な형용사
鋭敏	えいびん	な형용사
錯覚	さっかく	명사
錯誤	さくご	명사
録画	ろくが	명사
鍛える	きたえる	동사
鍵	かぎ	명사
鑑賞	かんしょう	명사
長	おさ	명사
長々	ながなが	부사
長ける	たける	동사
長め	ながめ	な형용사
長大	ちょうだい	な형용사
長官	ちょうかん	명사
長年	ながねん	명사
長持ち	ながもち	명사
長時間	ちょうじかん	명사
長期間	ちょうきかん	명사
長生き	ながいき	명사
長編	ちょうへん	명사
長閑	のどか	な형용사
門	もん	명사
閃く	ひらめく	동사
閉口	へいこう	명사
閉鎖	へいさ	명사
閉館	へいかん	명사
開く	ひらく	동사
開催	かいさい	명사
開拓	かいたく	명사
開発	かいはつ	명사
開設	かいせつ	명사
開講	かいこう	명사
開館	かいかん	명사
閑静	かんせい	な형용사
間々	まま	부사
間に合う	まにあう	동사
間もなく	まもなく	부사
間柄	あいだがら	명사
間近	まぢか	な형용사
間違う	まちがう	동사
間違える	まちがえる	동사
間遠	まどお	な형용사
間際	まぎわ	명사
関わり	かかわり	명사
関与	かんよ	명사
関税	かんぜい	명사
関税障壁	かんぜいしょうへき	명사
関節	かんせつ	명사
関連付ける	かんれんづける	동사
閣議	かくぎ	명사
閲覧	えつらん	명사
闇	やみ	명사
闇雲	やみくも	な형용사
防御	ぼうぎょ	명사
防止	ぼうし	명사
防水	ぼうすい	명사
防火	ぼうか	명사
防災	ぼうさい	명사
防衛	ぼうえい	명사
阻む	はばむ	동사
阻喪	そそう	명사
阻害	そがい	명사
阻止	そし	명사
降りかかる	ふりかかる	동사
降りる	おりる	동사
降り注ぐ	ふりそそぐ	동사
降伏	こうふく	명사
降水	こうすい	명사
限り	かぎり	명사
限定	げんてい	명사
限界	げんかい	명사
院長	いんちょう	명사
除去	じょきょ	명사
除外	じょがい	명사
陥る	おちいる	동사
陰気	いんき	な형용사
陰険	いんけん	な형용사
陳列	ちんれつ	명사
陳腐	ちんぷ	な형용사
陶器	とうき	명사
陶磁器	とうじき	명사
陶芸	とうげい	명사
陸上	りくじょう	명사
陽気	ようき	な형용사
隅々	すみずみ	명사
階	かい	명사
階層	かいそう	명사
階級	かいきゅう	명사
随時	ずいじ	부사
隔たる	へだたる	동사
隔てる	へだてる	동사
際	きわ	명사
際立つ	きわだつ	동사
際限	さいげん	명사
障る	さわる	동사
隠す	かくす	동사
隠居	いんきょ	명사
隷属	れいぞく	명사
隻	せき	기타
雀	すずめ	명사
雁	がん	명사
雄	おす	명사
雄大	ゆうだい	な형용사
雅致	がち	명사
集まる	あつまる	동사
集める	あつめる	동사
集大成	しゅうたいせい	명사
集客	しゅうきゃく	명사
集約	しゅうやく	명사
集落	しゅうらく	명사
雌	めす	명사
雑	ざつ	な형용사
雑木	ぞうき	명사
雑木林	ぞうきばやし	명사
雑草	ざっそう	명사
雑誌	ざっし	명사
雑談	ざつだん	명사
雑貨	ざっか	명사
雑食	ざっしょく	명사
雛	ひよこ	명사
離す	はなす	동사
離れる	はなれる	동사
離職	りしょく	명사
難	なん	명사
難い	かたい	い형용사
難しい	むずかしい	い형용사
難点	なんてん	명사
難航	なんこう	명사
難解	なんかい	な형용사
難関	なんかん	명사
雨	あめ	명사
雨具	あまぐ	명사
雨天	うてん	명사
雪	ゆき	명사
雪崩	なだれ	명사
雲	くも	명사
電卓	でんたく	명사
電機	でんき	명사
電気	でんき	명사
電源	でんげん	명사
電線	でんせん	명사
電話	でんわ	명사
電車	でんしゃ	명사
需給	じゅきゅう	명사
需要	じゅよう	명사
震わせる	ふるわせる	동사
霞む	かすむ	동사
霰	あられ	명사
露出	ろしゅつ	명사
露骨	ろこつ	な형용사
青い	あおい	い형용사
青山	あおやま	명사
青春	せいしゅん	명사
青木	あおき	명사
青空	あおぞら	명사
青葉	あおば	명사
静か	しずか	な형용사
静寂	せいじゃく	명사
静止	せいし	명사
静的	せいてき	な형용사
非	ひ	명사
非合理	ひごうり	な형용사
非行	ひこう	명사
非難	ひなん	명사
面	おもて	명사
面する	めんする	동사
面会	めんかい	명사
面白い	おもしろい	い형용사
面皰	にきび	명사
面目	めんぼく	명사
面談	めんだん	명사
革命	かくめい	명사
革新	かくしん	명사
鞄	かばん	명사
鞠	まり	명사
音	おと	명사
音を上げる	ねをあげる	표현
音声	おんせい	명사
音楽	おんがく	명사
音楽家	おんがくか	명사
音色	ねいろ	명사
音読	おんどく	명사
音量	おんりょう	명사
音響	おんきょう	명사
韻律	いんりつ	명사
頁	ページ	명사
頂	いただき	명사
頃	けい	명사
順に	じゅんに	부사
順応	じゅんのう	명사
順調	じゅんちょう	な형용사
預金	よきん	명사
頑な	かたくな	な형용사
頑丈	がんじょう	な형용사
頑固	がんこ	な형용사
頑張る	がんばる	동사
頑強	がんきょう	な형용사
頑迷	がんめい	な형용사
領分	りょうぶん	명사
領土	りょうど	명사
領地	りょうち	명사
領域	りょういき	명사
領海	りょうかい	명사
領空	りょうくう	명사
頬っぺた	ほっぺた	명사
頭が下がる	あたまがさがる	표현
頭が切れる	あたまがきれる	표현
頭を冷やす	あたまをひやす	표현
頭を抱える	あたまをかかえる	표현
頭上	ずじょう	명사
頷ける	うなずける	동사
頻りに	しきりに	부사
頻度	ひんど	명사
頻繁	ひんぱん	な형용사
頼み	たのみ	명사
頼み込む	たのみこむ	동사
頼り	たより	명사
題材	だいざい	명사
顎	あご	명사
顔	かお	명사
顔から火が出る	かおからひがでる	동사
顔が広い	かおがひろい	표현
顔つき	かおつき	명사
顔を立てる	かおをたてる	표현
顔負け	かおまけ	명사
顕在	けんざい	명사
顕著	けんちょ	な형용사
願い事	ねがいごと	명사
願う	ねがう	동사
願ったり叶ったり	ねがったりかなったり	명사
願ってもない	ねがってもない	표현
願望	がんぼう	명사
類い	たぐい	명사
類似	るいじ	명사
類型	るいけい	명사
類推	るいすい	명사
類比	るいひ	명사
顧みる	かえりみる	동사
顧問	こもん	명사
風	かぜ	명사
風刺	ふうし	명사
風合い	ふうあい	명사
風味	ふうみ	명사
風土	ふうど	명사
風当たり	かぜあたり	명사
風情	ふぜい	명사
風潮	ふうちょう	명사
風物	ふうぶつ	명사
風習	ふうしゅう	명사
風説	ふうせつ	명사
風車	ふうしゃ	명사
風邪	かぜ	명사
風雨	ふうう	명사
颯と	さっと	부사
飛ばす	とばす	동사
飛び交う	とびかう	동사
飛び抜ける	とびぬける	동사
飛び散る	とびちる	동사
飛ぶ	とぶ	동사
飛躍	ひやく	명사
食い込む	くいこむ	동사
食い違う	くいちがう	동사
食べもの	たべもの	명사
食べる	たべる	동사
食器洗い	しょっきあらい	명사
食堂	しょくどう	명사
食材	しょくざい	명사
飢餓	きが	명사
飲み込む	のみこむ	동사
飲む	のむ	동사
飲める	のめる	동사
飼い犬	かいいぬ	명사
飽和	ほうわ	명사
養う	やしなう	동사
養成	ようせい	명사
養育	よういく	명사
養護	ようご	명사
館	かん	명사
館	やかた	명사
館内	かんない	명사
館長	かんちょう	명사
首尾	しゅび	명사
首脳	しゅのう	명사
首輪	くびわ	명사
首飾り	くびかざり	명사
香辛料	こうしんりょう	명사
馬が合う	うまがあう	표현
馬酔木	あせび	명사
馬鹿馬鹿しい	ばかばかしい	い형용사
馳せる	はせる	동사
馴らす	ならす	동사
馴れる	なれる	동사
馴れ馴れしい	なれなれしい	い형용사
馴染み	なじみ	명사
馴染む	なじむ	동사
駄作	ださく	명사
駄目を押す	だめをおす	표현
駅前	えきまえ	명사
駆けっこ	かけっこ	명사
駆けつける	かけつける	동사
駆ける	かける	동사
駆け回る	かけまわる	동사
駆け巡る	かけめぐる	동사
駆け引き	かけひき	명사
駆け足	かけあし	명사
駆け込む	かけこむ	동사
駆り出す	かりだす	동사
駆り立てる	かりたてる	동사
駆使	くし	명사
駆除	くじょ	명사
騎士	きし	명사
騒々しい	そうぞうしい	い형용사
騒然	そうぜん	부사
驚き	おどろき	명사
驚く	おどろく	동사
驚異	きょうい	명사
骨	こつ	명사
骨が折れる	ほねがおれる	표현
骨を折る	ほねをおる	표현
骨折る	ほねおる	동사
骨董品	こっとうひん	명사
高	たか	명사
高い	たかい	い형용사
高まる	たかまる	동사
高め	たかめ	な형용사
高める	たかめる	동사
高をくくる	たかをくくる	표현
高原	こうげん	명사
高名	こうめい	な형용사
高尚	こうしょう	な형용사
高嶺の花	たかねのはな	표현
高慢	こうまん	な형용사
高揚	こうよう	명사
高木	たかぎ	명사
高校	こうこう	명사
高校生	こうこうせい	명사
高温	こうおん	명사
高潔	こうけつ	な형용사
高貴	こうき	な형용사
高額	こうがく	명사
高騰	こうとう	명사
高齢	こうれい	명사
高齢化	こうれいか	명사
鬱陶しい	うっとうしい	い형용사
魂	こん	명사
魔物	まもの	명사
魚類	ぎょるい	명사
鮭	さけ	명사
鮮やか	あざやか	な형용사
鮮度	せんど	명사
鮮明	せんめい	な형용사
鰆	さわら	명사
鱝	えい	명사
鳴りを潜める	なりをひそめる	표현
鳴る	なる	동사
鴬	おう	명사
鵜呑み	うのみ	명사
鵺	ぬえ	명사
鶯	うぐいす	명사
麗しい	うるわしい	い형용사
麗らか	うららか	な형용사
麻	あさ	명사
麻痺	まひ	명사
麻酔	ますい	명사
黄色	きいろ	명사
黄金	おうごん	명사
黒字	くろじ	명사
黙読	もくどく	명사
鼓動	こどう	명사
鼻が高い	はながたかい	표현
鼻にかける	はなにかける	표현
鼻水	はなみず	명사
鼾	いびき	명사
齎す	もたらす	동사
１０分	じっぷん	명사
７日	なのか	명사
８月	はちがつ	명사
Ｇパン	ジーパン	명사
